-- --------------------------------------------------------
-- Host:                         192.168.1.148
-- Server version:               5.6.11-enterprise-commercial-advanced - MySQL Enterprise Server - Advanced Edition (Commercial)
-- Server OS:                    Win64
-- HeidiSQL Version:             9.4.0.5125
-- --------------------------------------------------------

/*!40101 SET @OLD_CHARACTER_SET_CLIENT=@@CHARACTER_SET_CLIENT */;
/*!40101 SET NAMES utf8 */;
/*!50503 SET NAMES utf8mb4 */;
/*!40014 SET @OLD_FOREIGN_KEY_CHECKS=@@FOREIGN_KEY_CHECKS, FOREIGN_KEY_CHECKS=0 */;
/*!40101 SET @OLD_SQL_MODE=@@SQL_MODE, SQL_MODE='NO_AUTO_VALUE_ON_ZERO' */;


-- Dumping database structure for electraapp_schema8
CREATE DATABASE IF NOT EXISTS `electraapp_schema8` /*!40100 DEFAULT CHARACTER SET utf8 */;
USE `electraapp_schema8`;

-- Dumping structure for table electraapp_schema8.account
CREATE TABLE IF NOT EXISTS `account` (
  `account_id` int(11) NOT NULL AUTO_INCREMENT,
  `created_date` datetime DEFAULT NULL,
  `device_id` varchar(255) DEFAULT NULL,
  `device_token` varchar(255) DEFAULT NULL,
  `device_type` varchar(255) DEFAULT NULL,
  `gcm_register_key` varchar(255) DEFAULT NULL,
  `id_proof_image_url` varchar(255) DEFAULT NULL,
  `mobile_number` bigint(20) DEFAULT NULL,
  `modified_date` datetime DEFAULT NULL,
  `mpin` varchar(255) NOT NULL,
  `password` varchar(255) DEFAULT NULL,
  `profile_image_url` varchar(255) DEFAULT NULL,
  `residential_address` varchar(255) DEFAULT NULL,
  `status` varchar(255) DEFAULT NULL,
  `unique_code` varchar(255) NOT NULL,
  `correlation_id` varchar(255) DEFAULT NULL,
  `wallet_pin` varchar(255) DEFAULT NULL,
  `country_id` int(11) DEFAULT NULL,
  `client_correlation_id` varchar(255) DEFAULT NULL,
  `is_client` bit(1) DEFAULT NULL,
  PRIMARY KEY (`account_id`),
  KEY `FK55nfy7sual2nd3cp9tqw2sq53` (`country_id`),
  CONSTRAINT `FK55nfy7sual2nd3cp9tqw2sq53` FOREIGN KEY (`country_id`) REFERENCES `country` (`country_id`)
) ENGINE=InnoDB AUTO_INCREMENT=14 DEFAULT CHARSET=latin1;

-- Dumping data for table electraapp_schema8.account: ~8 rows (approximately)
DELETE FROM `account`;
/*!40000 ALTER TABLE `account` DISABLE KEYS */;
INSERT INTO `account` (`account_id`, `created_date`, `device_id`, `device_token`, `device_type`, `gcm_register_key`, `id_proof_image_url`, `mobile_number`, `modified_date`, `mpin`, `password`, `profile_image_url`, `residential_address`, `status`, `unique_code`, `correlation_id`, `wallet_pin`, `country_id`, `client_correlation_id`, `is_client`) VALUES
	(6, '2018-06-13 13:46:11', '', NULL, 'A', NULL, NULL, 9685312487, '2018-06-13 13:46:11', '$2a$10$MuLEoQEt3zy30bJbfw5sh.M6CplZNpOCTkgj5uFIhbx8q1ke65Aqi', '$2a$10$hcVGGez9UX2PNC1SowAileJBO76n12lU789TawJNT9uRunJzJnQpm', NULL, NULL, 'ACTIVE', '22212', '83289214-02d0-487d-818f-8f435ab580e3', NULL, 2, NULL, b'1'),
	(7, '2018-06-19 14:17:39', '', NULL, 'A', 'electra793710d009c7ba90', NULL, 9685741235, '2018-06-19 14:17:39', '$2a$10$AtPWorOYaceFZAoCfL1Tm./7ClDdanrzlTGob272gvW66186xJaoi', '$2a$10$XGasb634x19pKYD8K5GLa.sf7bCcy6gcpbJaqCql206El1OBxRhW6', NULL, NULL, 'ACTIVE', '16750', '8017f02b-778c-425c-a6c5-c631bcad5923', NULL, 2, '83289214-02d0-487d-818f-8f435ab580e3', b'0'),
	(8, '2018-06-14 12:09:46', '', NULL, 'A', NULL, NULL, 9897095988, '2018-06-14 12:09:46', '$2a$10$a5ZEzzjvQsYK0RntmO0MAeRnrfddkK3zeH69Y6n0BmNJYv5nHJfU2', '$2a$10$5JF6js8/r6uxr97dqAfGR.6HxUWp3Pjv6ncPrs9Gt3HOQbQsNusHi', NULL, NULL, 'ACTIVE', '42435', '02beb0b0-3142-4f3b-8698-27b4a0bbacdc', NULL, 2, '83289214-02d0-487d-818f-8f435ab580e3', b'0'),
	(9, '2018-06-19 14:20:18', '', NULL, 'A', 'electra793710d009c7ba90', 'http://localhost:8085/sendx/images_sendx/idproof-9015293893-1528974661966.jpg', 9015293893, '2018-06-19 14:20:18', '$2a$10$lXAsvmmoWIx.vz45E0gqgOI4K3yk0H5WQ0aQmDviGyniCkhiXYmxi', '$2a$10$gyio8t/uj9mucc4RIGl03.MELdcjxIllb6ElDdt6PTTJK5WJFgxmi', 'http://localhost:8085/sendx/images_sendx/profile-9015293893-1529327534975.jpg', 'ddb', 'ACTIVE', '25636', 'b258ae81-0690-4ff8-87dc-e8b0c5f3bf01', NULL, 2, NULL, b'1'),
	(10, '2018-06-19 11:47:32', '', NULL, 'A', 'electra793710d009c7ba90', 'http://localhost:8085/sendx/images_sendx/idproof-9555488370-1529389053283.jpg', 9555488370, '2018-06-19 11:47:32', '$2a$10$Ns2VEdTps3HHXD58lbjw8.4aCFuE7QNKxgY.6JWIE609S5BLg4sPC', '$2a$10$Uv/5rVWeNLKT268xZX11UuvMIytllNbQocXxm1jSJaAYS9hHUS7Pi', 'http://localhost:8085/sendx/images_sendx/profile-9555488370-1529389052709.jpg', 'A-54, Block A, Sector 57, Noida, Uttar Pradesh 201301, India  India', 'ACTIVE', '10137', '97758091-a57b-4d82-963e-5a315a159960', NULL, 2, NULL, b'1'),
	(11, '2018-06-19 14:32:45', '', NULL, 'A', 'electra793710d009c7ba90', 'http://localhost:8085/sendx/images_sendx/idproof-9555488310-1529391041954.jpg', 9555488310, '2018-06-19 14:32:45', '$2a$10$/8WZR0lfqDqW5gDrANNWsOgMqT0ALQ60LY7IedAUk/lY8vLlyrkHK', '$2a$10$r23ruU/BAvzpIpaGuGzNKeh.sCc3LEoDWsCsbMmPRfTj9bJe/iFcu', 'http://localhost:8085/sendx/images_sendx/profile-9555488310-1529391041938.jpg', 'A33, Block A, Sector 57, Noida, Uttar Pradesh 201301, India  India', 'ACTIVE', '16027', 'b018a4b5-ef65-41d5-b646-b2699021d50e', NULL, 2, NULL, b'1'),
	(12, '2018-06-19 13:36:47', '', NULL, 'A', 'electra793710d009c7ba90', 'http://localhost:8085/sendx/images_sendx/idproof-9015293894-1529395606868.jpg', 9015293894, '2018-06-19 13:36:47', '$2a$10$y2cCV4EgY6e65eaMHv4d4OSXbt.V15ZloD7AwBO7omSXD9Gi/cDv6', '$2a$10$LR/P75OsEfES7NRKHp3eceM8Oe/cz3bzS7QkgudrrJXuZDGOK4VfG', 'http://localhost:8085/sendx/images_sendx/profile-9015293894-1529395606837.jpg', 'hh', 'ACTIVE', '30342', 'dd0ee399-aa71-474a-b64a-c2b998fab171', NULL, 2, NULL, b'1'),
	(13, '2018-06-19 13:51:22', '', NULL, 'A', 'electra793710d009c7ba90', 'http://localhost:8080//images_sendx/idproof-9015293895-1529396482044.jpg', 9015293895, '2018-06-19 13:51:22', '$2a$10$Jb/GPv7QVp6/yByRwDy7qu4dCcI6Fw1KVa9vX0kWGGvY9pNpaH7ba', '$2a$10$sXWhn898Jn7RxYXZ4B8T/OFhZZBI2wAFQWwo2k5.FbAswMqEfUQ2.', 'http://localhost:8080/images_sendx/profile-9015293895-1529396482013.jpg', 'hh', 'ACTIVE', '83765', '47d7dbe1-f4cd-49b8-b3bb-4f1f47f788ca', NULL, 2, NULL, b'1');
/*!40000 ALTER TABLE `account` ENABLE KEYS */;

-- Dumping structure for table electraapp_schema8.account_verification
CREATE TABLE IF NOT EXISTS `account_verification` (
  `acc_verification_record_id` int(11) NOT NULL AUTO_INCREMENT,
  `activation_code` varchar(255) DEFAULT NULL,
  `country_id` int(11) DEFAULT NULL,
  `created_date` datetime DEFAULT NULL,
  `mobile_number` bigint(22) DEFAULT NULL,
  `modified_date` datetime DEFAULT NULL,
  `retry_attempts` smallint(6) DEFAULT NULL,
  `verification_type` varchar(255) DEFAULT NULL,
  PRIMARY KEY (`acc_verification_record_id`)
) ENGINE=InnoDB AUTO_INCREMENT=216 DEFAULT CHARSET=latin1;

-- Dumping data for table electraapp_schema8.account_verification: ~26 rows (approximately)
DELETE FROM `account_verification`;
/*!40000 ALTER TABLE `account_verification` DISABLE KEYS */;
INSERT INTO `account_verification` (`acc_verification_record_id`, `activation_code`, `country_id`, `created_date`, `mobile_number`, `modified_date`, `retry_attempts`, `verification_type`) VALUES
	(158, '176305', 2, '2018-04-29 03:23:45', 9897095989, '2018-04-29 03:23:45', 3, 'Signup'),
	(159, '470044', 7, '2018-04-29 12:58:15', 127211590, '2018-04-29 12:58:15', 3, 'Signup'),
	(164, '273733', 2, '2018-05-01 12:37:00', 9711355293, '2018-05-01 12:37:00', 0, 'Signup'),
	(165, '858105', 2, '2018-05-01 20:29:31', 9897085296, '2018-05-01 20:29:31', 0, 'Signup'),
	(166, '627033', 2, '2018-05-02 15:36:48', 9897095005, '2018-05-02 15:36:48', 0, 'Signup'),
	(167, '754127', 2, '2018-05-02 15:45:27', 9897096325, '2018-05-02 15:45:27', 3, 'Signup'),
	(168, '883216', 2, '2018-05-02 15:48:37', 9876543217, '2018-05-02 15:48:37', 3, 'Signup'),
	(169, '757776', 2, '2018-05-02 16:11:02', 9897095033, '2018-05-02 16:11:02', 3, 'Signup'),
	(170, '881116', 2, '2018-05-02 16:17:48', 9685374257, '2018-05-02 16:17:48', 3, 'Signup'),
	(171, '716461', 2, '2018-05-02 16:28:15', 9555814856, '2018-05-02 16:28:15', 3, 'Signup'),
	(174, '735153', 2, '2018-05-02 17:08:26', 9897098523, '2018-05-02 17:08:26', 2, 'Signup'),
	(175, '276401', 2, '2018-05-28 13:40:46', 9555814897, '2018-05-28 13:40:46', 2, 'Signup'),
	(176, '160674', 2, '2018-05-03 18:49:07', 9638527416, '2018-05-03 18:49:07', 3, 'Signup'),
	(179, '320654', 2, '2018-05-08 11:11:39', 9685321472, '2018-05-08 11:11:39', 3, 'Signup'),
	(183, '516584', 2, '2018-05-08 14:57:05', 9865327412, '2018-05-08 14:57:05', 3, 'Signup'),
	(186, '431064', 2, '2018-05-08 17:10:49', 9685327643, '2018-05-08 17:10:49', 2, 'Signup'),
	(190, '747003', 2, '2018-05-08 18:09:25', 9625837423, '2018-05-08 18:09:25', 3, 'Signup'),
	(197, '115405', 2, '2018-05-09 14:15:28', 9555814848, '2018-05-09 14:15:28', 2, 'Signup'),
	(199, '177735', 2, '2018-05-17 18:16:27', 9540110309, '2018-05-17 18:16:27', 1, 'Signup'),
	(200, '422646', 2, '2018-05-17 14:11:35', 9897008536, '2018-05-17 14:11:35', 3, 'Signup'),
	(201, '857151', 2, '2018-05-17 14:27:08', 9638523696, '2018-05-17 14:27:08', 3, 'Signup'),
	(202, '130576', 2, '2018-05-17 14:31:16', 8527418524, '2018-05-17 14:31:16', 2, 'Signup'),
	(203, '105328', 2, '2018-05-17 14:54:17', 9638522585, '2018-05-17 14:54:17', 1, 'Signup'),
	(204, '241843', 2, '2018-05-17 14:59:54', 9555814589, '2018-05-17 14:59:54', 3, 'Signup'),
	(205, '274073', 2, '2018-05-17 15:14:54', 9863541738, '2018-05-17 15:14:54', 3, 'Signup'),
	(206, '607764', 2, '2018-05-17 15:29:22', 9863527463, '2018-05-17 15:29:22', 2, 'Signup');
/*!40000 ALTER TABLE `account_verification` ENABLE KEYS */;

-- Dumping structure for table electraapp_schema8.checkout_bank_details
CREATE TABLE IF NOT EXISTS `checkout_bank_details` (
  `checkout_bank_id` int(11) NOT NULL AUTO_INCREMENT,
  `acc_limit` double DEFAULT NULL,
  `acc_number_end` int(11) DEFAULT NULL,
  `acc_number_length` int(11) DEFAULT NULL,
  `acc_number_start` int(11) DEFAULT NULL,
  `bank_code1` varchar(255) DEFAULT NULL,
  `bank_code2` varchar(255) DEFAULT NULL,
  `bank_info` varchar(255) DEFAULT NULL,
  `bank_logo_url` varchar(255) DEFAULT NULL,
  `bank_name` varchar(255) DEFAULT NULL,
  `modified_date` datetime DEFAULT NULL,
  `country_id` int(11) DEFAULT NULL,
  PRIMARY KEY (`checkout_bank_id`),
  KEY `FK8144btmx3jvgbbdgbn5n17h96` (`country_id`),
  CONSTRAINT `FK8144btmx3jvgbbdgbn5n17h96` FOREIGN KEY (`country_id`) REFERENCES `country` (`country_id`)
) ENGINE=InnoDB DEFAULT CHARSET=latin1;

-- Dumping data for table electraapp_schema8.checkout_bank_details: ~0 rows (approximately)
DELETE FROM `checkout_bank_details`;
/*!40000 ALTER TABLE `checkout_bank_details` DISABLE KEYS */;
/*!40000 ALTER TABLE `checkout_bank_details` ENABLE KEYS */;

-- Dumping structure for table electraapp_schema8.country
CREATE TABLE IF NOT EXISTS `country` (
  `country_id` int(11) NOT NULL AUTO_INCREMENT,
  `country_dial_code` varchar(255) DEFAULT NULL,
  `country_name` varchar(255) DEFAULT NULL,
  `created_date` datetime DEFAULT NULL,
  `iso4217_currency_alphabetic_code` varchar(255) DEFAULT NULL,
  `iso4217_currency_name` varchar(255) DEFAULT NULL,
  `modified_date` datetime DEFAULT NULL,
  PRIMARY KEY (`country_id`)
) ENGINE=InnoDB AUTO_INCREMENT=13 DEFAULT CHARSET=latin1;

-- Dumping data for table electraapp_schema8.country: ~12 rows (approximately)
DELETE FROM `country`;
/*!40000 ALTER TABLE `country` DISABLE KEYS */;
INSERT INTO `country` (`country_id`, `country_dial_code`, `country_name`, `created_date`, `iso4217_currency_alphabetic_code`, `iso4217_currency_name`, `modified_date`) VALUES
	(1, '+65', 'Singapore', '2017-07-22 16:16:30', 'SGD', 'Singapore Dollar', '2017-07-22 16:16:30'),
	(2, '+91', 'India', '2017-08-17 19:52:36', 'INR', 'Indian Rupee', '2017-08-17 19:52:36'),
	(3, '+66', 'Thailand', '2017-08-25 14:43:11', 'THB', 'Thai baht', '2017-08-25 14:43:11'),
	(4, '+61', 'Australia', '2017-08-25 16:34:32', 'AUD', 'Australian dollar', '2017-08-25 16:34:32'),
	(5, '+1', 'USA', '2017-08-25 16:35:11', 'USD', 'US dollar', '2017-08-25 16:35:11'),
	(6, '+32', 'Belgium', '2017-08-25 16:36:34', 'EUR', 'Euro', '2017-08-25 16:36:34'),
	(7, '+60', 'Malaysia', '2017-09-15 13:00:07', 'MYR', 'Malaysian Ringgit', '2017-09-15 13:00:07'),
	(8, '+62', 'Indonesia', '2017-09-18 09:21:37', 'IDR', 'Indonesian Rupiah', '2017-09-18 09:21:37'),
	(9, '+63', 'Philippines', '2017-09-18 09:22:29', 'PHP', 'Philippine peso', '2017-09-18 09:22:29'),
	(10, '+852', 'Hong Kong', '2017-10-09 10:28:28', 'HKD', 'Hong Kong Dollar', '2017-10-09 10:28:28'),
	(11, '+44', 'United Kingdom', '2017-11-07 21:36:00', 'GBP', 'British Pound', '2017-11-07 21:36:00'),
	(12, '+27', 'South Africa', '2018-02-02 14:38:50', 'ZAR', 'South African Rand', '2018-02-02 14:38:50');
/*!40000 ALTER TABLE `country` ENABLE KEYS */;

-- Dumping structure for table electraapp_schema8.notification
CREATE TABLE IF NOT EXISTS `notification` (
  `notification_id` int(11) NOT NULL AUTO_INCREMENT,
  `created_date` datetime DEFAULT NULL,
  `email_address` varchar(255) DEFAULT NULL,
  `mobile_number` varchar(255) DEFAULT NULL,
  `modified_date` datetime DEFAULT NULL,
  `notification_data` varchar(5000) DEFAULT NULL,
  `notification_type` varchar(255) DEFAULT NULL,
  `status` bit(1) DEFAULT NULL,
  PRIMARY KEY (`notification_id`)
) ENGINE=InnoDB AUTO_INCREMENT=2 DEFAULT CHARSET=latin1;

-- Dumping data for table electraapp_schema8.notification: ~0 rows (approximately)
DELETE FROM `notification`;
/*!40000 ALTER TABLE `notification` DISABLE KEYS */;
INSERT INTO `notification` (`notification_id`, `created_date`, `email_address`, `mobile_number`, `modified_date`, `notification_data`, `notification_type`, `status`) VALUES
	(1, '2018-06-15 14:01:38', 'electraAppClient@yopmail.com', '9685312487', NULL, '{"notification":{"title":"Electra Notification","body":"Invoice for user 9685312487"},"data":{"code":"100","message":"Invoice has been received!"},"to":"\\/topics\\/null","priority":"high","productDetails":"[{productCode=P124, productCost=20.0, availableItem=2.0, purchasedQty=1.0, productUnit=gm, totalItemPrice=20.0, productName=Mango, productDescription=Mango, productUnitRange=500.0}]"}', NULL, b'0');
/*!40000 ALTER TABLE `notification` ENABLE KEYS */;

-- Dumping structure for table electraapp_schema8.oauth_access_token
CREATE TABLE IF NOT EXISTS `oauth_access_token` (
  `token_id` varchar(256) NOT NULL,
  `authentication` blob,
  `authentication_id` varchar(256) DEFAULT NULL,
  `client_id` varchar(256) DEFAULT NULL,
  `refresh_token` varchar(256) DEFAULT NULL,
  `token` blob,
  `user_name` varchar(256) DEFAULT NULL,
  PRIMARY KEY (`token_id`)
) ENGINE=InnoDB DEFAULT CHARSET=latin1;

-- Dumping data for table electraapp_schema8.oauth_access_token: ~8 rows (approximately)
DELETE FROM `oauth_access_token`;
/*!40000 ALTER TABLE `oauth_access_token` DISABLE KEYS */;
INSERT INTO `oauth_access_token` (`token_id`, `authentication`, `authentication_id`, `client_id`, `refresh_token`, `token`, `user_name`) VALUES
	('29c0fdf094f11eb9645744e2dd861a8b', _binary 0xACED0005737200416F72672E737072696E676672616D65776F726B2E73656375726974792E6F61757468322E70726F76696465722E4F417574683241757468656E7469636174696F6EBD400B02166252130200024C000D73746F7265645265717565737474003C4C6F72672F737072696E676672616D65776F726B2F73656375726974792F6F61757468322F70726F76696465722F4F4175746832526571756573743B4C00127573657241757468656E7469636174696F6E7400324C6F72672F737072696E676672616D65776F726B2F73656375726974792F636F72652F41757468656E7469636174696F6E3B787200476F72672E737072696E676672616D65776F726B2E73656375726974792E61757468656E7469636174696F6E2E416273747261637441757468656E7469636174696F6E546F6B656ED3AA287E6E47640E0200035A000D61757468656E746963617465644C000B617574686F7269746965737400164C6A6176612F7574696C2F436F6C6C656374696F6E3B4C000764657461696C737400124C6A6176612F6C616E672F4F626A6563743B787000737200266A6176612E7574696C2E436F6C6C656374696F6E7324556E6D6F6469666961626C654C697374FC0F2531B5EC8E100200014C00046C6973747400104C6A6176612F7574696C2F4C6973743B7872002C6A6176612E7574696C2E436F6C6C656374696F6E7324556E6D6F6469666961626C65436F6C6C656374696F6E19420080CB5EF71E0200014C00016371007E00047870737200136A6176612E7574696C2E41727261794C6973747881D21D99C7619D03000149000473697A65787000000001770400000001737200426F72672E737072696E676672616D65776F726B2E73656375726974792E636F72652E617574686F726974792E53696D706C654772616E746564417574686F7269747900000000000001A40200014C0004726F6C657400124C6A6176612F6C616E672F537472696E673B7870740009524F4C455F555345527871007E000C707372003A6F72672E737072696E676672616D65776F726B2E73656375726974792E6F61757468322E70726F76696465722E4F41757468325265717565737400000000000000010200075A0008617070726F7665644C000B617574686F72697469657371007E00044C000A657874656E73696F6E7374000F4C6A6176612F7574696C2F4D61703B4C000B726564697265637455726971007E000E4C00077265667265736874003B4C6F72672F737072696E676672616D65776F726B2F73656375726974792F6F61757468322F70726F76696465722F546F6B656E526571756573743B4C000B7265736F7572636549647374000F4C6A6176612F7574696C2F5365743B4C000D726573706F6E7365547970657371007E0014787200386F72672E737072696E676672616D65776F726B2E73656375726974792E6F61757468322E70726F76696465722E426173655265717565737436287A3EA37169BD0200034C0008636C69656E74496471007E000E4C001172657175657374506172616D657465727371007E00124C000573636F706571007E0014787074000A656C6563747261617070737200256A6176612E7574696C2E436F6C6C656374696F6E7324556E6D6F6469666961626C654D6170F1A5A8FE74F507420200014C00016D71007E00127870737200116A6176612E7574696C2E486173684D61700507DAC1C31660D103000246000A6C6F6164466163746F724900097468726573686F6C6478703F400000000000037708000000040000000274000A6772616E745F7479706574000870617373776F7264740008757365726E616D6574000E2B39315F3936383533313234383778737200256A6176612E7574696C2E436F6C6C656374696F6E7324556E6D6F6469666961626C65536574801D92D18F9B80550200007871007E0009737200176A6176612E7574696C2E4C696E6B656448617368536574D86CD75A95DD2A1E020000787200116A6176612E7574696C2E48617368536574BA44859596B8B7340300007870770C000000103F400000000000037400057472757374740005207265616474000620777269746578017371007E0023770C000000103F400000000000017371007E000D74000455534552787371007E001A3F40000000000000770800000010000000007870707371007E0023770C000000103F4000000000000174000C73656E647852657374415049787371007E0023770C000000103F40000000000000787372004F6F72672E737072696E676672616D65776F726B2E73656375726974792E61757468656E7469636174696F6E2E557365726E616D6550617373776F726441757468656E7469636174696F6E546F6B656E00000000000001A40200024C000B63726564656E7469616C7371007E00054C00097072696E636970616C71007E00057871007E0003017371007E00077371007E000B0000000177040000000171007E000F7871007E0032737200176A6176612E7574696C2E4C696E6B6564486173684D617034C04E5C106CC0FB0200015A000B6163636573734F726465727871007E001A3F400000000000067708000000080000000271007E001C71007E001D71007E001E71007E001F78007073720035636F6D2E697265736C61622E656C65637472616170702E737072696E6773656375726974792E5573657243726564656E7469616C7300000000000000010200014C00046D50494E71007E000E787200326F72672E737072696E676672616D65776F726B2E73656375726974792E636F72652E7573657264657461696C732E5573657200000000000001A40200075A00116163636F756E744E6F6E457870697265645A00106163636F756E744E6F6E4C6F636B65645A001563726564656E7469616C734E6F6E457870697265645A0007656E61626C65644C000B617574686F72697469657371007E00144C000870617373776F726471007E000E4C0008757365726E616D6571007E000E7870010101017371007E0020737200116A6176612E7574696C2E54726565536574DD98509395ED875B0300007870737200466F72672E737072696E676672616D65776F726B2E73656375726974792E636F72652E7573657264657461696C732E5573657224417574686F72697479436F6D70617261746F7200000000000001A4020000787077040000000171007E000F787071007E001F74003C243261243130244D754C456F514574337A793330624A6266773573682E4D3643706C5A4E704F43546B676A357546496862783871316B653635417169, 'ca06c53bcc309452a182d4614a130ab6', 'electraapp', '3195573eea906fc3173a0d57abe5bca3', _binary 0xACED0005737200436F72672E737072696E676672616D65776F726B2E73656375726974792E6F61757468322E636F6D6D6F6E2E44656661756C744F4175746832416363657373546F6B656E0CB29E361B24FACE0200064C00156164646974696F6E616C496E666F726D6174696F6E74000F4C6A6176612F7574696C2F4D61703B4C000A65787069726174696F6E7400104C6A6176612F7574696C2F446174653B4C000C72656672657368546F6B656E74003F4C6F72672F737072696E676672616D65776F726B2F73656375726974792F6F61757468322F636F6D6D6F6E2F4F417574683252656672657368546F6B656E3B4C000573636F706574000F4C6A6176612F7574696C2F5365743B4C0009746F6B656E547970657400124C6A6176612F6C616E672F537472696E673B4C000576616C756571007E000578707372001E6A6176612E7574696C2E436F6C6C656374696F6E7324456D7074794D6170593614855ADCE7D002000078707372000E6A6176612E7574696C2E44617465686A81014B5974190300007870770800000163FF28BC9E787372004C6F72672E737072696E676672616D65776F726B2E73656375726974792E6F61757468322E636F6D6D6F6E2E44656661756C744578706972696E674F417574683252656672657368546F6B656E2FDF47639DD0C9B70200014C000A65787069726174696F6E71007E0002787200446F72672E737072696E676672616D65776F726B2E73656375726974792E6F61757468322E636F6D6D6F6E2E44656661756C744F417574683252656672657368546F6B656E73E10E0A6354D45E0200014C000576616C756571007E0005787074002439326531623163632D663837362D346631382D616434652D6362623662396536356463627371007E000977080000016492D4D43B78737200256A6176612E7574696C2E436F6C6C656374696F6E7324556E6D6F6469666961626C65536574801D92D18F9B80550200007872002C6A6176612E7574696C2E436F6C6C656374696F6E7324556E6D6F6469666961626C65436F6C6C656374696F6E19420080CB5EF71E0200014C0001637400164C6A6176612F7574696C2F436F6C6C656374696F6E3B7870737200176A6176612E7574696C2E4C696E6B656448617368536574D86CD75A95DD2A1E020000787200116A6176612E7574696C2E48617368536574BA44859596B8B7340300007870770C000000043F40000000000003740005747275737474000520726561647400062077726974657874000662656172657274002463623738303734332D633838372D343165662D626436382D373831383034636138616134, '+91_9685312487'),
	('47fae91af94ec64e4d9232c113c145e1', _binary 0xACED0005737200416F72672E737072696E676672616D65776F726B2E73656375726974792E6F61757468322E70726F76696465722E4F417574683241757468656E7469636174696F6EBD400B02166252130200024C000D73746F7265645265717565737474003C4C6F72672F737072696E676672616D65776F726B2F73656375726974792F6F61757468322F70726F76696465722F4F4175746832526571756573743B4C00127573657241757468656E7469636174696F6E7400324C6F72672F737072696E676672616D65776F726B2F73656375726974792F636F72652F41757468656E7469636174696F6E3B787200476F72672E737072696E676672616D65776F726B2E73656375726974792E61757468656E7469636174696F6E2E416273747261637441757468656E7469636174696F6E546F6B656ED3AA287E6E47640E0200035A000D61757468656E746963617465644C000B617574686F7269746965737400164C6A6176612F7574696C2F436F6C6C656374696F6E3B4C000764657461696C737400124C6A6176612F6C616E672F4F626A6563743B787000737200266A6176612E7574696C2E436F6C6C656374696F6E7324556E6D6F6469666961626C654C697374FC0F2531B5EC8E100200014C00046C6973747400104C6A6176612F7574696C2F4C6973743B7872002C6A6176612E7574696C2E436F6C6C656374696F6E7324556E6D6F6469666961626C65436F6C6C656374696F6E19420080CB5EF71E0200014C00016371007E00047870737200136A6176612E7574696C2E41727261794C6973747881D21D99C7619D03000149000473697A65787000000001770400000001737200426F72672E737072696E676672616D65776F726B2E73656375726974792E636F72652E617574686F726974792E53696D706C654772616E746564417574686F7269747900000000000001A40200014C0004726F6C657400124C6A6176612F6C616E672F537472696E673B7870740009524F4C455F555345527871007E000C707372003A6F72672E737072696E676672616D65776F726B2E73656375726974792E6F61757468322E70726F76696465722E4F41757468325265717565737400000000000000010200075A0008617070726F7665644C000B617574686F72697469657371007E00044C000A657874656E73696F6E7374000F4C6A6176612F7574696C2F4D61703B4C000B726564697265637455726971007E000E4C00077265667265736874003B4C6F72672F737072696E676672616D65776F726B2F73656375726974792F6F61757468322F70726F76696465722F546F6B656E526571756573743B4C000B7265736F7572636549647374000F4C6A6176612F7574696C2F5365743B4C000D726573706F6E7365547970657371007E0014787200386F72672E737072696E676672616D65776F726B2E73656375726974792E6F61757468322E70726F76696465722E426173655265717565737436287A3EA37169BD0200034C0008636C69656E74496471007E000E4C001172657175657374506172616D657465727371007E00124C000573636F706571007E0014787074000A656C6563747261617070737200256A6176612E7574696C2E436F6C6C656374696F6E7324556E6D6F6469666961626C654D6170F1A5A8FE74F507420200014C00016D71007E00127870737200116A6176612E7574696C2E486173684D61700507DAC1C31660D103000246000A6C6F6164466163746F724900097468726573686F6C6478703F400000000000037708000000040000000274000A6772616E745F7479706574000870617373776F7264740008757365726E616D6574000E2B39315F3935353534383833313078737200256A6176612E7574696C2E436F6C6C656374696F6E7324556E6D6F6469666961626C65536574801D92D18F9B80550200007871007E0009737200176A6176612E7574696C2E4C696E6B656448617368536574D86CD75A95DD2A1E020000787200116A6176612E7574696C2E48617368536574BA44859596B8B7340300007870770C000000103F400000000000037400057472757374740005207265616474000620777269746578017371007E0023770C000000103F400000000000017371007E000D74000455534552787371007E001A3F40000000000000770800000010000000007870737200396F72672E737072696E676672616D65776F726B2E73656375726974792E6F61757468322E70726F76696465722E546F6B656E52657175657374D62A84B8CF38F8010200014C00096772616E745479706571007E000E7871007E001574000A656C65637472616170707371007E00187371007E001A3F400000000000037708000000040000000274000A6772616E745F7479706574000D726566726573685F746F6B656E74000D726566726573685F746F6B656E74002434353564636232382D656436652D343437322D623836302D383439346361623437356666787371007E00207371007E0022770C000000103F400000000000007871007E00327371007E0023770C000000103F4000000000000174000C73656E647852657374415049787371007E0023770C000000103F40000000000000787372005B6F72672E737072696E676672616D65776F726B2E73656375726974792E7765622E61757468656E7469636174696F6E2E707265617574682E50726541757468656E7469636174656441757468656E7469636174696F6E546F6B656E00000000000001A40200024C000B63726564656E7469616C7371007E00054C00097072696E636970616C71007E00057871007E0003017371007E00077371007E000B0000000177040000000171007E000F7871007E003D7074000073720035636F6D2E697265736C61622E656C65637472616170702E737072696E6773656375726974792E5573657243726564656E7469616C7300000000000000010200014C00046D50494E71007E000E787200326F72672E737072696E676672616D65776F726B2E73656375726974792E636F72652E7573657264657461696C732E5573657200000000000001A40200075A00116163636F756E744E6F6E457870697265645A00106163636F756E744E6F6E4C6F636B65645A001563726564656E7469616C734E6F6E457870697265645A0007656E61626C65644C000B617574686F72697469657371007E00144C000870617373776F726471007E000E4C0008757365726E616D6571007E000E7870010101017371007E0020737200116A6176612E7574696C2E54726565536574DD98509395ED875B0300007870737200466F72672E737072696E676672616D65776F726B2E73656375726974792E636F72652E7573657264657461696C732E5573657224417574686F72697479436F6D70617261746F7200000000000001A4020000787077040000000171007E000F787071007E001F74003C243261243130242F38575A52306C667144715735674472414E4E57734F674D715430414C5136304C593749656441556B2F6C5938764C6C79726B484B, 'ad52adfb6e44b0aee35eba2d6ce23c62', 'electraapp', '99f355125485cb51b83756c8802d85d4', _binary 0xACED0005737200436F72672E737072696E676672616D65776F726B2E73656375726974792E6F61757468322E636F6D6D6F6E2E44656661756C744F4175746832416363657373546F6B656E0CB29E361B24FACE0200064C00156164646974696F6E616C496E666F726D6174696F6E74000F4C6A6176612F7574696C2F4D61703B4C000A65787069726174696F6E7400104C6A6176612F7574696C2F446174653B4C000C72656672657368546F6B656E74003F4C6F72672F737072696E676672616D65776F726B2F73656375726974792F6F61757468322F636F6D6D6F6E2F4F417574683252656672657368546F6B656E3B4C000573636F706574000F4C6A6176612F7574696C2F5365743B4C0009746F6B656E547970657400124C6A6176612F6C616E672F537472696E673B4C000576616C756571007E000578707372001E6A6176612E7574696C2E436F6C6C656374696F6E7324456D7074794D6170593614855ADCE7D002000078707372000E6A6176612E7574696C2E44617465686A81014B597419030000787077080000016419DC4FEA787372004C6F72672E737072696E676672616D65776F726B2E73656375726974792E6F61757468322E636F6D6D6F6E2E44656661756C744578706972696E674F417574683252656672657368546F6B656E2FDF47639DD0C9B70200014C000A65787069726174696F6E71007E0002787200446F72672E737072696E676672616D65776F726B2E73656375726974792E6F61757468322E636F6D6D6F6E2E44656661756C744F417574683252656672657368546F6B656E73E10E0A6354D45E0200014C000576616C756571007E0005787074002434353564636232382D656436652D343437322D623836302D3834393463616234373566667371007E0009770800000164B14F2F8778737200256A6176612E7574696C2E436F6C6C656374696F6E7324556E6D6F6469666961626C65536574801D92D18F9B80550200007872002C6A6176612E7574696C2E436F6C6C656374696F6E7324556E6D6F6469666961626C65436F6C6C656374696F6E19420080CB5EF71E0200014C0001637400164C6A6176612F7574696C2F436F6C6C656374696F6E3B7870737200176A6176612E7574696C2E4C696E6B656448617368536574D86CD75A95DD2A1E020000787200116A6176612E7574696C2E48617368536574BA44859596B8B7340300007870770C000000103F40000000000003740005747275737474000520726561647400062077726974657874000662656172657274002463663835643034632D333162342D343934622D393334322D626130396531393462376237, '+91_9555488310'),
	('5efb30e561a859c4ac578f49a915c059', _binary 0xACED0005737200416F72672E737072696E676672616D65776F726B2E73656375726974792E6F61757468322E70726F76696465722E4F417574683241757468656E7469636174696F6EBD400B02166252130200024C000D73746F7265645265717565737474003C4C6F72672F737072696E676672616D65776F726B2F73656375726974792F6F61757468322F70726F76696465722F4F4175746832526571756573743B4C00127573657241757468656E7469636174696F6E7400324C6F72672F737072696E676672616D65776F726B2F73656375726974792F636F72652F41757468656E7469636174696F6E3B787200476F72672E737072696E676672616D65776F726B2E73656375726974792E61757468656E7469636174696F6E2E416273747261637441757468656E7469636174696F6E546F6B656ED3AA287E6E47640E0200035A000D61757468656E746963617465644C000B617574686F7269746965737400164C6A6176612F7574696C2F436F6C6C656374696F6E3B4C000764657461696C737400124C6A6176612F6C616E672F4F626A6563743B787000737200266A6176612E7574696C2E436F6C6C656374696F6E7324556E6D6F6469666961626C654C697374FC0F2531B5EC8E100200014C00046C6973747400104C6A6176612F7574696C2F4C6973743B7872002C6A6176612E7574696C2E436F6C6C656374696F6E7324556E6D6F6469666961626C65436F6C6C656374696F6E19420080CB5EF71E0200014C00016371007E00047870737200136A6176612E7574696C2E41727261794C6973747881D21D99C7619D03000149000473697A65787000000001770400000001737200426F72672E737072696E676672616D65776F726B2E73656375726974792E636F72652E617574686F726974792E53696D706C654772616E746564417574686F7269747900000000000001A40200014C0004726F6C657400124C6A6176612F6C616E672F537472696E673B7870740009524F4C455F555345527871007E000C707372003A6F72672E737072696E676672616D65776F726B2E73656375726974792E6F61757468322E70726F76696465722E4F41757468325265717565737400000000000000010200075A0008617070726F7665644C000B617574686F72697469657371007E00044C000A657874656E73696F6E7374000F4C6A6176612F7574696C2F4D61703B4C000B726564697265637455726971007E000E4C00077265667265736874003B4C6F72672F737072696E676672616D65776F726B2F73656375726974792F6F61757468322F70726F76696465722F546F6B656E526571756573743B4C000B7265736F7572636549647374000F4C6A6176612F7574696C2F5365743B4C000D726573706F6E7365547970657371007E0014787200386F72672E737072696E676672616D65776F726B2E73656375726974792E6F61757468322E70726F76696465722E426173655265717565737436287A3EA37169BD0200034C0008636C69656E74496471007E000E4C001172657175657374506172616D657465727371007E00124C000573636F706571007E0014787074000A656C6563747261617070737200256A6176612E7574696C2E436F6C6C656374696F6E7324556E6D6F6469666961626C654D6170F1A5A8FE74F507420200014C00016D71007E00127870737200116A6176612E7574696C2E486173684D61700507DAC1C31660D103000246000A6C6F6164466163746F724900097468726573686F6C6478703F400000000000037708000000040000000274000A6772616E745F7479706574000870617373776F7264740008757365726E616D6574000E2B39315F3930313532393338393578737200256A6176612E7574696C2E436F6C6C656374696F6E7324556E6D6F6469666961626C65536574801D92D18F9B80550200007871007E0009737200176A6176612E7574696C2E4C696E6B656448617368536574D86CD75A95DD2A1E020000787200116A6176612E7574696C2E48617368536574BA44859596B8B7340300007870770C000000103F400000000000037400057472757374740005207265616474000620777269746578017371007E0023770C000000103F400000000000017371007E000D74000455534552787371007E001A3F40000000000000770800000010000000007870737200396F72672E737072696E676672616D65776F726B2E73656375726974792E6F61757468322E70726F76696465722E546F6B656E52657175657374D62A84B8CF38F8010200014C00096772616E745479706571007E000E7871007E001574000A656C65637472616170707371007E00187371007E001A3F400000000000037708000000040000000274000A6772616E745F7479706574000D726566726573685F746F6B656E74000D726566726573685F746F6B656E74002431643966316339302D643639302D343161302D393261662D633632613339323638313665787371007E00207371007E0022770C000000103F400000000000007871007E00327371007E0023770C000000103F4000000000000174000C73656E647852657374415049787371007E0023770C000000103F40000000000000787372005B6F72672E737072696E676672616D65776F726B2E73656375726974792E7765622E61757468656E7469636174696F6E2E707265617574682E50726541757468656E7469636174656441757468656E7469636174696F6E546F6B656E00000000000001A40200024C000B63726564656E7469616C7371007E00054C00097072696E636970616C71007E00057871007E0003017371007E00077371007E000B0000000177040000000171007E000F7871007E003D7074000073720035636F6D2E697265736C61622E656C65637472616170702E737072696E6773656375726974792E5573657243726564656E7469616C7300000000000000010200014C00046D50494E71007E000E787200326F72672E737072696E676672616D65776F726B2E73656375726974792E636F72652E7573657264657461696C732E5573657200000000000001A40200075A00116163636F756E744E6F6E457870697265645A00106163636F756E744E6F6E4C6F636B65645A001563726564656E7469616C734E6F6E457870697265645A0007656E61626C65644C000B617574686F72697469657371007E00144C000870617373776F726471007E000E4C0008757365726E616D6571007E000E7870010101017371007E0020737200116A6176612E7574696C2E54726565536574DD98509395ED875B0300007870737200466F72672E737072696E676672616D65776F726B2E73656375726974792E636F72652E7573657264657461696C732E5573657224417574686F72697479436F6D70617261746F7200000000000001A4020000787077040000000171007E000F787071007E001F74003C243261243130244A622F47507637515670362F794279527744793771753464436349364677314B5661397658306B574747765939704E706148376261, '164afbc10b3a9deb64d7e75bb94840c5', 'electraapp', '336d077afc6199c0bc47d80a7c51fde1', _binary 0xACED0005737200436F72672E737072696E676672616D65776F726B2E73656375726974792E6F61757468322E636F6D6D6F6E2E44656661756C744F4175746832416363657373546F6B656E0CB29E361B24FACE0200064C00156164646974696F6E616C496E666F726D6174696F6E74000F4C6A6176612F7574696C2F4D61703B4C000A65787069726174696F6E7400104C6A6176612F7574696C2F446174653B4C000C72656672657368546F6B656E74003F4C6F72672F737072696E676672616D65776F726B2F73656375726974792F6F61757468322F636F6D6D6F6E2F4F417574683252656672657368546F6B656E3B4C000573636F706574000F4C6A6176612F7574696C2F5365743B4C0009746F6B656E547970657400124C6A6176612F6C616E672F537472696E673B4C000576616C756571007E000578707372001E6A6176612E7574696C2E436F6C6C656374696F6E7324456D7074794D6170593614855ADCE7D002000078707372000E6A6176612E7574696C2E44617465686A81014B597419030000787077080000016419B90D37787372004C6F72672E737072696E676672616D65776F726B2E73656375726974792E6F61757468322E636F6D6D6F6E2E44656661756C744578706972696E674F417574683252656672657368546F6B656E2FDF47639DD0C9B70200014C000A65787069726174696F6E71007E0002787200446F72672E737072696E676672616D65776F726B2E73656375726974792E6F61757468322E636F6D6D6F6E2E44656661756C744F417574683252656672657368546F6B656E73E10E0A6354D45E0200014C000576616C756571007E0005787074002431643966316339302D643639302D343161302D393261662D6336326133393236383136657371007E0009770800000164B1A15AAA78737200256A6176612E7574696C2E436F6C6C656374696F6E7324556E6D6F6469666961626C65536574801D92D18F9B80550200007872002C6A6176612E7574696C2E436F6C6C656374696F6E7324556E6D6F6469666961626C65436F6C6C656374696F6E19420080CB5EF71E0200014C0001637400164C6A6176612F7574696C2F436F6C6C656374696F6E3B7870737200176A6176612E7574696C2E4C696E6B656448617368536574D86CD75A95DD2A1E020000787200116A6176612E7574696C2E48617368536574BA44859596B8B7340300007870770C000000103F40000000000003740005747275737474000520726561647400062077726974657874000662656172657274002434353034643430662D653232642D343530632D393461342D616234313536313831363531, '+91_9015293895'),
	('90ec3bde62622a9710c7a9753654e6ef', _binary 0xACED0005737200416F72672E737072696E676672616D65776F726B2E73656375726974792E6F61757468322E70726F76696465722E4F417574683241757468656E7469636174696F6EBD400B02166252130200024C000D73746F7265645265717565737474003C4C6F72672F737072696E676672616D65776F726B2F73656375726974792F6F61757468322F70726F76696465722F4F4175746832526571756573743B4C00127573657241757468656E7469636174696F6E7400324C6F72672F737072696E676672616D65776F726B2F73656375726974792F636F72652F41757468656E7469636174696F6E3B787200476F72672E737072696E676672616D65776F726B2E73656375726974792E61757468656E7469636174696F6E2E416273747261637441757468656E7469636174696F6E546F6B656ED3AA287E6E47640E0200035A000D61757468656E746963617465644C000B617574686F7269746965737400164C6A6176612F7574696C2F436F6C6C656374696F6E3B4C000764657461696C737400124C6A6176612F6C616E672F4F626A6563743B787000737200266A6176612E7574696C2E436F6C6C656374696F6E7324556E6D6F6469666961626C654C697374FC0F2531B5EC8E100200014C00046C6973747400104C6A6176612F7574696C2F4C6973743B7872002C6A6176612E7574696C2E436F6C6C656374696F6E7324556E6D6F6469666961626C65436F6C6C656374696F6E19420080CB5EF71E0200014C00016371007E00047870737200136A6176612E7574696C2E41727261794C6973747881D21D99C7619D03000149000473697A65787000000001770400000001737200426F72672E737072696E676672616D65776F726B2E73656375726974792E636F72652E617574686F726974792E53696D706C654772616E746564417574686F7269747900000000000001A40200014C0004726F6C657400124C6A6176612F6C616E672F537472696E673B7870740009524F4C455F555345527871007E000C707372003A6F72672E737072696E676672616D65776F726B2E73656375726974792E6F61757468322E70726F76696465722E4F41757468325265717565737400000000000000010200075A0008617070726F7665644C000B617574686F72697469657371007E00044C000A657874656E73696F6E7374000F4C6A6176612F7574696C2F4D61703B4C000B726564697265637455726971007E000E4C00077265667265736874003B4C6F72672F737072696E676672616D65776F726B2F73656375726974792F6F61757468322F70726F76696465722F546F6B656E526571756573743B4C000B7265736F7572636549647374000F4C6A6176612F7574696C2F5365743B4C000D726573706F6E7365547970657371007E0014787200386F72672E737072696E676672616D65776F726B2E73656375726974792E6F61757468322E70726F76696465722E426173655265717565737436287A3EA37169BD0200034C0008636C69656E74496471007E000E4C001172657175657374506172616D657465727371007E00124C000573636F706571007E0014787074000A656C6563747261617070737200256A6176612E7574696C2E436F6C6C656374696F6E7324556E6D6F6469666961626C654D6170F1A5A8FE74F507420200014C00016D71007E00127870737200116A6176612E7574696C2E486173684D61700507DAC1C31660D103000246000A6C6F6164466163746F724900097468726573686F6C6478703F400000000000037708000000040000000274000A6772616E745F7479706574000870617373776F7264740008757365726E616D6574000E2B39315F3935353534383833373078737200256A6176612E7574696C2E436F6C6C656374696F6E7324556E6D6F6469666961626C65536574801D92D18F9B80550200007871007E0009737200176A6176612E7574696C2E4C696E6B656448617368536574D86CD75A95DD2A1E020000787200116A6176612E7574696C2E48617368536574BA44859596B8B7340300007870770C000000103F400000000000037400057472757374740005207265616474000620777269746578017371007E0023770C000000103F400000000000017371007E000D74000455534552787371007E001A3F40000000000000770800000010000000007870737200396F72672E737072696E676672616D65776F726B2E73656375726974792E6F61757468322E70726F76696465722E546F6B656E52657175657374D62A84B8CF38F8010200014C00096772616E745479706571007E000E7871007E001574000A656C65637472616170707371007E00187371007E001A3F400000000000037708000000040000000274000A6772616E745F7479706574000D726566726573685F746F6B656E74000D726566726573685F746F6B656E74002466636335613266662D626633642D343964642D383235332D306662323738623066353266787371007E00207371007E0022770C000000103F400000000000007871007E00327371007E0023770C000000103F4000000000000174000C73656E647852657374415049787371007E0023770C000000103F40000000000000787372005B6F72672E737072696E676672616D65776F726B2E73656375726974792E7765622E61757468656E7469636174696F6E2E707265617574682E50726541757468656E7469636174656441757468656E7469636174696F6E546F6B656E00000000000001A40200024C000B63726564656E7469616C7371007E00054C00097072696E636970616C71007E00057871007E0003017371007E00077371007E000B0000000177040000000171007E000F7871007E003D7074000073720035636F6D2E697265736C61622E656C65637472616170702E737072696E6773656375726974792E5573657243726564656E7469616C7300000000000000010200014C00046D50494E71007E000E787200326F72672E737072696E676672616D65776F726B2E73656375726974792E636F72652E7573657264657461696C732E5573657200000000000001A40200075A00116163636F756E744E6F6E457870697265645A00106163636F756E744E6F6E4C6F636B65645A001563726564656E7469616C734E6F6E457870697265645A0007656E61626C65644C000B617574686F72697469657371007E00144C000870617373776F726471007E000E4C0008757365726E616D6571007E000E7870010101017371007E0020737200116A6176612E7574696C2E54726565536574DD98509395ED875B0300007870737200466F72672E737072696E676672616D65776F726B2E73656375726974792E636F72652E7573657264657461696C732E5573657224417574686F72697479436F6D70617261746F7200000000000001A4020000787077040000000171007E000F787071007E001F74003C243261243130244E7332564564547073334848584435386C626A77382E34614346754537514E4B7867592E364A5749453630395335424C6734735043, 'bfce2e09c114659e0b06949dcc96044b', 'electraapp', '361769dc15f83f4db4d0f07c7530f501', _binary 0xACED0005737200436F72672E737072696E676672616D65776F726B2E73656375726974792E6F61757468322E636F6D6D6F6E2E44656661756C744F4175746832416363657373546F6B656E0CB29E361B24FACE0200064C00156164646974696F6E616C496E666F726D6174696F6E74000F4C6A6176612F7574696C2F4D61703B4C000A65787069726174696F6E7400104C6A6176612F7574696C2F446174653B4C000C72656672657368546F6B656E74003F4C6F72672F737072696E676672616D65776F726B2F73656375726974792F6F61757468322F636F6D6D6F6E2F4F417574683252656672657368546F6B656E3B4C000573636F706574000F4C6A6176612F7574696C2F5365743B4C0009746F6B656E547970657400124C6A6176612F6C616E672F537472696E673B4C000576616C756571007E000578707372001E6A6176612E7574696C2E436F6C6C656374696F6E7324456D7074794D6170593614855ADCE7D002000078707372000E6A6176612E7574696C2E44617465686A81014B597419030000787077080000016419A8CD28787372004C6F72672E737072696E676672616D65776F726B2E73656375726974792E6F61757468322E636F6D6D6F6E2E44656661756C744578706972696E674F417574683252656672657368546F6B656E2FDF47639DD0C9B70200014C000A65787069726174696F6E71007E0002787200446F72672E737072696E676672616D65776F726B2E73656375726974792E6F61757468322E636F6D6D6F6E2E44656661756C744F417574683252656672657368546F6B656E73E10E0A6354D45E0200014C000576616C756571007E0005787074002466636335613266662D626633642D343964642D383235332D3066623237386230663532667371007E0009770800000164B12FC71A78737200256A6176612E7574696C2E436F6C6C656374696F6E7324556E6D6F6469666961626C65536574801D92D18F9B80550200007872002C6A6176612E7574696C2E436F6C6C656374696F6E7324556E6D6F6469666961626C65436F6C6C656374696F6E19420080CB5EF71E0200014C0001637400164C6A6176612F7574696C2F436F6C6C656374696F6E3B7870737200176A6176612E7574696C2E4C696E6B656448617368536574D86CD75A95DD2A1E020000787200116A6176612E7574696C2E48617368536574BA44859596B8B7340300007870770C000000103F40000000000003740005747275737474000520726561647400062077726974657874000662656172657274002434653630613530392D313965642D343362662D396338642D346139333862666537356166, '+91_9555488370'),
	('a6b66127d454b2f216340cf22a9c16f2', _binary 0xACED0005737200416F72672E737072696E676672616D65776F726B2E73656375726974792E6F61757468322E70726F76696465722E4F417574683241757468656E7469636174696F6EBD400B02166252130200024C000D73746F7265645265717565737474003C4C6F72672F737072696E676672616D65776F726B2F73656375726974792F6F61757468322F70726F76696465722F4F4175746832526571756573743B4C00127573657241757468656E7469636174696F6E7400324C6F72672F737072696E676672616D65776F726B2F73656375726974792F636F72652F41757468656E7469636174696F6E3B787200476F72672E737072696E676672616D65776F726B2E73656375726974792E61757468656E7469636174696F6E2E416273747261637441757468656E7469636174696F6E546F6B656ED3AA287E6E47640E0200035A000D61757468656E746963617465644C000B617574686F7269746965737400164C6A6176612F7574696C2F436F6C6C656374696F6E3B4C000764657461696C737400124C6A6176612F6C616E672F4F626A6563743B787000737200266A6176612E7574696C2E436F6C6C656374696F6E7324556E6D6F6469666961626C654C697374FC0F2531B5EC8E100200014C00046C6973747400104C6A6176612F7574696C2F4C6973743B7872002C6A6176612E7574696C2E436F6C6C656374696F6E7324556E6D6F6469666961626C65436F6C6C656374696F6E19420080CB5EF71E0200014C00016371007E00047870737200136A6176612E7574696C2E41727261794C6973747881D21D99C7619D03000149000473697A65787000000001770400000001737200426F72672E737072696E676672616D65776F726B2E73656375726974792E636F72652E617574686F726974792E53696D706C654772616E746564417574686F7269747900000000000001A40200014C0004726F6C657400124C6A6176612F6C616E672F537472696E673B7870740009524F4C455F555345527871007E000C707372003A6F72672E737072696E676672616D65776F726B2E73656375726974792E6F61757468322E70726F76696465722E4F41757468325265717565737400000000000000010200075A0008617070726F7665644C000B617574686F72697469657371007E00044C000A657874656E73696F6E7374000F4C6A6176612F7574696C2F4D61703B4C000B726564697265637455726971007E000E4C00077265667265736874003B4C6F72672F737072696E676672616D65776F726B2F73656375726974792F6F61757468322F70726F76696465722F546F6B656E526571756573743B4C000B7265736F7572636549647374000F4C6A6176612F7574696C2F5365743B4C000D726573706F6E7365547970657371007E0014787200386F72672E737072696E676672616D65776F726B2E73656375726974792E6F61757468322E70726F76696465722E426173655265717565737436287A3EA37169BD0200034C0008636C69656E74496471007E000E4C001172657175657374506172616D657465727371007E00124C000573636F706571007E0014787074000A656C6563747261617070737200256A6176612E7574696C2E436F6C6C656374696F6E7324556E6D6F6469666961626C654D6170F1A5A8FE74F507420200014C00016D71007E00127870737200116A6176612E7574696C2E486173684D61700507DAC1C31660D103000246000A6C6F6164466163746F724900097468726573686F6C6478703F400000000000037708000000040000000274000A6772616E745F7479706574000870617373776F7264740008757365726E616D6574000E2B39315F3930313532393338393378737200256A6176612E7574696C2E436F6C6C656374696F6E7324556E6D6F6469666961626C65536574801D92D18F9B80550200007871007E0009737200176A6176612E7574696C2E4C696E6B656448617368536574D86CD75A95DD2A1E020000787200116A6176612E7574696C2E48617368536574BA44859596B8B7340300007870770C000000103F400000000000037400057472757374740005207265616474000620777269746578017371007E0023770C000000103F400000000000017371007E000D74000455534552787371007E001A3F40000000000000770800000010000000007870737200396F72672E737072696E676672616D65776F726B2E73656375726974792E6F61757468322E70726F76696465722E546F6B656E52657175657374D62A84B8CF38F8010200014C00096772616E745479706571007E000E7871007E001574000A656C65637472616170707371007E00187371007E001A3F400000000000037708000000040000000274000A6772616E745F7479706574000D726566726573685F746F6B656E74000D726566726573685F746F6B656E74002435313833343061652D643466632D343035332D623662352D333538396364616136353265787371007E00207371007E0022770C000000103F400000000000007871007E00327371007E0023770C000000103F4000000000000174000C73656E647852657374415049787371007E0023770C000000103F40000000000000787372005B6F72672E737072696E676672616D65776F726B2E73656375726974792E7765622E61757468656E7469636174696F6E2E707265617574682E50726541757468656E7469636174656441757468656E7469636174696F6E546F6B656E00000000000001A40200024C000B63726564656E7469616C7371007E00054C00097072696E636970616C71007E00057871007E0003017371007E00077371007E000B0000000177040000000171007E000F7871007E003D7074000073720035636F6D2E697265736C61622E656C65637472616170702E737072696E6773656375726974792E5573657243726564656E7469616C7300000000000000010200014C00046D50494E71007E000E787200326F72672E737072696E676672616D65776F726B2E73656375726974792E636F72652E7573657264657461696C732E5573657200000000000001A40200075A00116163636F756E744E6F6E457870697265645A00106163636F756E744E6F6E4C6F636B65645A001563726564656E7469616C734E6F6E457870697265645A0007656E61626C65644C000B617574686F72697469657371007E00144C000870617373776F726471007E000E4C0008757365726E616D6571007E000E7870010101017371007E0020737200116A6176612E7574696C2E54726565536574DD98509395ED875B0300007870737200466F72672E737072696E676672616D65776F726B2E73656375726974792E636F72652E7573657264657461696C732E5573657224417574686F72697479436F6D70617261746F7200000000000001A4020000787077040000000171007E000F787071007E001F74003C243261243130246C584173766D6D6F5749782E767A343545306771674F49344B33796B30483557513061516D44766947796E69436B686958596D7869, 'd418d33de28ae2efab3f356b4a5a16b4', 'electraapp', '59b957dfea974d0ded6cd00940e624fa', _binary 0xACED0005737200436F72672E737072696E676672616D65776F726B2E73656375726974792E6F61757468322E636F6D6D6F6E2E44656661756C744F4175746832416363657373546F6B656E0CB29E361B24FACE0200064C00156164646974696F6E616C496E666F726D6174696F6E74000F4C6A6176612F7574696C2F4D61703B4C000A65787069726174696F6E7400104C6A6176612F7574696C2F446174653B4C000C72656672657368546F6B656E74003F4C6F72672F737072696E676672616D65776F726B2F73656375726974792F6F61757468322F636F6D6D6F6E2F4F417574683252656672657368546F6B656E3B4C000573636F706574000F4C6A6176612F7574696C2F5365743B4C0009746F6B656E547970657400124C6A6176612F6C616E672F537472696E673B4C000576616C756571007E000578707372001E6A6176612E7574696C2E436F6C6C656374696F6E7324456D7074794D6170593614855ADCE7D002000078707372000E6A6176612E7574696C2E44617465686A81014B597419030000787077080000016419D04E49787372004C6F72672E737072696E676672616D65776F726B2E73656375726974792E6F61757468322E636F6D6D6F6E2E44656661756C744578706972696E674F417574683252656672657368546F6B656E2FDF47639DD0C9B70200014C000A65787069726174696F6E71007E0002787200446F72672E737072696E676672616D65776F726B2E73656375726974792E6F61757468322E636F6D6D6F6E2E44656661756C744F417574683252656672657368546F6B656E73E10E0A6354D45E0200014C000576616C756571007E0005787074002435313833343061652D643466632D343035332D623662352D3335383963646161363532657371007E000977080000016498896A9B78737200256A6176612E7574696C2E436F6C6C656374696F6E7324556E6D6F6469666961626C65536574801D92D18F9B80550200007872002C6A6176612E7574696C2E436F6C6C656374696F6E7324556E6D6F6469666961626C65436F6C6C656374696F6E19420080CB5EF71E0200014C0001637400164C6A6176612F7574696C2F436F6C6C656374696F6E3B7870737200176A6176612E7574696C2E4C696E6B656448617368536574D86CD75A95DD2A1E020000787200116A6176612E7574696C2E48617368536574BA44859596B8B7340300007870770C000000103F40000000000003740005747275737474000520726561647400062077726974657874000662656172657274002434383566353634392D353539382D343531342D616563662D333231616365663665643630, '+91_9015293893'),
	('b15467b5785a2a2b0f822370326eabc0', _binary 0xACED0005737200416F72672E737072696E676672616D65776F726B2E73656375726974792E6F61757468322E70726F76696465722E4F417574683241757468656E7469636174696F6EBD400B02166252130200024C000D73746F7265645265717565737474003C4C6F72672F737072696E676672616D65776F726B2F73656375726974792F6F61757468322F70726F76696465722F4F4175746832526571756573743B4C00127573657241757468656E7469636174696F6E7400324C6F72672F737072696E676672616D65776F726B2F73656375726974792F636F72652F41757468656E7469636174696F6E3B787200476F72672E737072696E676672616D65776F726B2E73656375726974792E61757468656E7469636174696F6E2E416273747261637441757468656E7469636174696F6E546F6B656ED3AA287E6E47640E0200035A000D61757468656E746963617465644C000B617574686F7269746965737400164C6A6176612F7574696C2F436F6C6C656374696F6E3B4C000764657461696C737400124C6A6176612F6C616E672F4F626A6563743B787000737200266A6176612E7574696C2E436F6C6C656374696F6E7324556E6D6F6469666961626C654C697374FC0F2531B5EC8E100200014C00046C6973747400104C6A6176612F7574696C2F4C6973743B7872002C6A6176612E7574696C2E436F6C6C656374696F6E7324556E6D6F6469666961626C65436F6C6C656374696F6E19420080CB5EF71E0200014C00016371007E00047870737200136A6176612E7574696C2E41727261794C6973747881D21D99C7619D03000149000473697A65787000000001770400000001737200426F72672E737072696E676672616D65776F726B2E73656375726974792E636F72652E617574686F726974792E53696D706C654772616E746564417574686F7269747900000000000001A40200014C0004726F6C657400124C6A6176612F6C616E672F537472696E673B7870740009524F4C455F555345527871007E000C707372003A6F72672E737072696E676672616D65776F726B2E73656375726974792E6F61757468322E70726F76696465722E4F41757468325265717565737400000000000000010200075A0008617070726F7665644C000B617574686F72697469657371007E00044C000A657874656E73696F6E7374000F4C6A6176612F7574696C2F4D61703B4C000B726564697265637455726971007E000E4C00077265667265736874003B4C6F72672F737072696E676672616D65776F726B2F73656375726974792F6F61757468322F70726F76696465722F546F6B656E526571756573743B4C000B7265736F7572636549647374000F4C6A6176612F7574696C2F5365743B4C000D726573706F6E7365547970657371007E0014787200386F72672E737072696E676672616D65776F726B2E73656375726974792E6F61757468322E70726F76696465722E426173655265717565737436287A3EA37169BD0200034C0008636C69656E74496471007E000E4C001172657175657374506172616D657465727371007E00124C000573636F706571007E0014787074000A656C6563747261617070737200256A6176612E7574696C2E436F6C6C656374696F6E7324556E6D6F6469666961626C654D6170F1A5A8FE74F507420200014C00016D71007E00127870737200116A6176612E7574696C2E486173684D61700507DAC1C31660D103000246000A6C6F6164466163746F724900097468726573686F6C6478703F400000000000037708000000040000000274000A6772616E745F7479706574000870617373776F7264740008757365726E616D6574000E2B39315F3936383537343132333578737200256A6176612E7574696C2E436F6C6C656374696F6E7324556E6D6F6469666961626C65536574801D92D18F9B80550200007871007E0009737200176A6176612E7574696C2E4C696E6B656448617368536574D86CD75A95DD2A1E020000787200116A6176612E7574696C2E48617368536574BA44859596B8B7340300007870770C000000103F400000000000037400057472757374740005207265616474000620777269746578017371007E0023770C000000103F400000000000017371007E000D74000455534552787371007E001A3F40000000000000770800000010000000007870737200396F72672E737072696E676672616D65776F726B2E73656375726974792E6F61757468322E70726F76696465722E546F6B656E52657175657374D62A84B8CF38F8010200014C00096772616E745479706571007E000E7871007E001574000A656C65637472616170707371007E00187371007E001A3F400000000000037708000000040000000274000A6772616E745F7479706574000D726566726573685F746F6B656E74000D726566726573685F746F6B656E74002461326462333636302D326361632D343665382D626233652D343032306162623433663636787371007E00207371007E0022770C000000103F400000000000007871007E00327371007E0023770C000000103F4000000000000174000C73656E647852657374415049787371007E0023770C000000103F40000000000000787372005B6F72672E737072696E676672616D65776F726B2E73656375726974792E7765622E61757468656E7469636174696F6E2E707265617574682E50726541757468656E7469636174656441757468656E7469636174696F6E546F6B656E00000000000001A40200024C000B63726564656E7469616C7371007E00054C00097072696E636970616C71007E00057871007E0003017371007E00077371007E000B0000000177040000000171007E000F7871007E003D7074000073720035636F6D2E697265736C61622E656C65637472616170702E737072696E6773656375726974792E5573657243726564656E7469616C7300000000000000010200014C00046D50494E71007E000E787200326F72672E737072696E676672616D65776F726B2E73656375726974792E636F72652E7573657264657461696C732E5573657200000000000001A40200075A00116163636F756E744E6F6E457870697265645A00106163636F756E744E6F6E4C6F636B65645A001563726564656E7469616C734E6F6E457870697265645A0007656E61626C65644C000B617574686F72697469657371007E00144C000870617373776F726471007E000E4C0008757365726E616D6571007E000E7870010101017371007E0020737200116A6176612E7574696C2E54726565536574DD98509395ED875B0300007870737200466F72672E737072696E676672616D65776F726B2E73656375726974792E636F72652E7573657264657461696C732E5573657224417574686F72697479436F6D70617261746F7200000000000001A4020000787077040000000171007E000F787071007E001F74003C24326124313024564556393078742F674D71456667542E6B764B527875525A726768642E6D4C775968355832344E4B65353457694F522F793159672E, '1649f1985e6b13758b067b9bd42e0104', 'electraapp', '6b675a86565721641843afc004d70f9a', _binary 0xACED0005737200436F72672E737072696E676672616D65776F726B2E73656375726974792E6F61757468322E636F6D6D6F6E2E44656661756C744F4175746832416363657373546F6B656E0CB29E361B24FACE0200064C00156164646974696F6E616C496E666F726D6174696F6E74000F4C6A6176612F7574696C2F4D61703B4C000A65787069726174696F6E7400104C6A6176612F7574696C2F446174653B4C000C72656672657368546F6B656E74003F4C6F72672F737072696E676672616D65776F726B2F73656375726974792F6F61757468322F636F6D6D6F6E2F4F417574683252656672657368546F6B656E3B4C000573636F706574000F4C6A6176612F7574696C2F5365743B4C0009746F6B656E547970657400124C6A6176612F6C616E672F537472696E673B4C000576616C756571007E000578707372001E6A6176612E7574696C2E436F6C6C656374696F6E7324456D7074794D6170593614855ADCE7D002000078707372000E6A6176612E7574696C2E44617465686A81014B597419030000787077080000016419CC098F787372004C6F72672E737072696E676672616D65776F726B2E73656375726974792E6F61757468322E636F6D6D6F6E2E44656661756C744578706972696E674F417574683252656672657368546F6B656E2FDF47639DD0C9B70200014C000A65787069726174696F6E71007E0002787200446F72672E737072696E676672616D65776F726B2E73656375726974792E6F61757468322E636F6D6D6F6E2E44656661756C744F417574683252656672657368546F6B656E73E10E0A6354D45E0200014C000576616C756571007E0005787074002461326462333636302D326361632D343665382D626233652D3430323061626234336636367371007E00097708000001649341207178737200256A6176612E7574696C2E436F6C6C656374696F6E7324556E6D6F6469666961626C65536574801D92D18F9B80550200007872002C6A6176612E7574696C2E436F6C6C656374696F6E7324556E6D6F6469666961626C65436F6C6C656374696F6E19420080CB5EF71E0200014C0001637400164C6A6176612F7574696C2F436F6C6C656374696F6E3B7870737200176A6176612E7574696C2E4C696E6B656448617368536574D86CD75A95DD2A1E020000787200116A6176612E7574696C2E48617368536574BA44859596B8B7340300007870770C000000103F40000000000003740005747275737474000520726561647400062077726974657874000662656172657274002465383431373565312D346561642D343335362D623066302D306537623430623230653765, '+91_9685741235'),
	('cca6e5e5ad892c8ca7c6469b311d6613', _binary 0xACED0005737200416F72672E737072696E676672616D65776F726B2E73656375726974792E6F61757468322E70726F76696465722E4F417574683241757468656E7469636174696F6EBD400B02166252130200024C000D73746F7265645265717565737474003C4C6F72672F737072696E676672616D65776F726B2F73656375726974792F6F61757468322F70726F76696465722F4F4175746832526571756573743B4C00127573657241757468656E7469636174696F6E7400324C6F72672F737072696E676672616D65776F726B2F73656375726974792F636F72652F41757468656E7469636174696F6E3B787200476F72672E737072696E676672616D65776F726B2E73656375726974792E61757468656E7469636174696F6E2E416273747261637441757468656E7469636174696F6E546F6B656ED3AA287E6E47640E0200035A000D61757468656E746963617465644C000B617574686F7269746965737400164C6A6176612F7574696C2F436F6C6C656374696F6E3B4C000764657461696C737400124C6A6176612F6C616E672F4F626A6563743B787000737200266A6176612E7574696C2E436F6C6C656374696F6E7324556E6D6F6469666961626C654C697374FC0F2531B5EC8E100200014C00046C6973747400104C6A6176612F7574696C2F4C6973743B7872002C6A6176612E7574696C2E436F6C6C656374696F6E7324556E6D6F6469666961626C65436F6C6C656374696F6E19420080CB5EF71E0200014C00016371007E00047870737200136A6176612E7574696C2E41727261794C6973747881D21D99C7619D03000149000473697A65787000000001770400000001737200426F72672E737072696E676672616D65776F726B2E73656375726974792E636F72652E617574686F726974792E53696D706C654772616E746564417574686F7269747900000000000001A40200014C0004726F6C657400124C6A6176612F6C616E672F537472696E673B7870740009524F4C455F555345527871007E000C707372003A6F72672E737072696E676672616D65776F726B2E73656375726974792E6F61757468322E70726F76696465722E4F41757468325265717565737400000000000000010200075A0008617070726F7665644C000B617574686F72697469657371007E00044C000A657874656E73696F6E7374000F4C6A6176612F7574696C2F4D61703B4C000B726564697265637455726971007E000E4C00077265667265736874003B4C6F72672F737072696E676672616D65776F726B2F73656375726974792F6F61757468322F70726F76696465722F546F6B656E526571756573743B4C000B7265736F7572636549647374000F4C6A6176612F7574696C2F5365743B4C000D726573706F6E7365547970657371007E0014787200386F72672E737072696E676672616D65776F726B2E73656375726974792E6F61757468322E70726F76696465722E426173655265717565737436287A3EA37169BD0200034C0008636C69656E74496471007E000E4C001172657175657374506172616D657465727371007E00124C000573636F706571007E0014787074000A656C6563747261617070737200256A6176612E7574696C2E436F6C6C656374696F6E7324556E6D6F6469666961626C654D6170F1A5A8FE74F507420200014C00016D71007E00127870737200116A6176612E7574696C2E486173684D61700507DAC1C31660D103000246000A6C6F6164466163746F724900097468726573686F6C6478703F400000000000037708000000040000000274000A6772616E745F7479706574000870617373776F7264740008757365726E616D6574000E2B39315F3936333735323535383678737200256A6176612E7574696C2E436F6C6C656374696F6E7324556E6D6F6469666961626C65536574801D92D18F9B80550200007871007E0009737200176A6176612E7574696C2E4C696E6B656448617368536574D86CD75A95DD2A1E020000787200116A6176612E7574696C2E48617368536574BA44859596B8B7340300007870770C000000103F400000000000037400057472757374740005207265616474000620777269746578017371007E0023770C000000103F400000000000017371007E000D74000455534552787371007E001A3F40000000000000770800000010000000007870707371007E0023770C000000103F4000000000000174000C73656E647852657374415049787371007E0023770C000000103F40000000000000787372004F6F72672E737072696E676672616D65776F726B2E73656375726974792E61757468656E7469636174696F6E2E557365726E616D6550617373776F726441757468656E7469636174696F6E546F6B656E00000000000001A40200024C000B63726564656E7469616C7371007E00054C00097072696E636970616C71007E00057871007E0003017371007E00077371007E000B0000000177040000000171007E000F7871007E0032737200176A6176612E7574696C2E4C696E6B6564486173684D617034C04E5C106CC0FB0200015A000B6163636573734F726465727871007E001A3F400000000000067708000000080000000271007E001C71007E001D71007E001E71007E001F78007073720035636F6D2E697265736C61622E656C65637472616170702E737072696E6773656375726974792E5573657243726564656E7469616C7300000000000000010200014C00046D50494E71007E000E787200326F72672E737072696E676672616D65776F726B2E73656375726974792E636F72652E7573657264657461696C732E5573657200000000000001A40200075A00116163636F756E744E6F6E457870697265645A00106163636F756E744E6F6E4C6F636B65645A001563726564656E7469616C734E6F6E457870697265645A0007656E61626C65644C000B617574686F72697469657371007E00144C000870617373776F726471007E000E4C0008757365726E616D6571007E000E7870010101017371007E0020737200116A6176612E7574696C2E54726565536574DD98509395ED875B0300007870737200466F72672E737072696E676672616D65776F726B2E73656375726974792E636F72652E7573657264657461696C732E5573657224417574686F72697479436F6D70617261746F7200000000000001A4020000787077040000000171007E000F787071007E001F74003C24326124313024695250506361474666514B4750582F662F5256747965616747594E6B78524678566E373951506C6D59376E7545426C447237443057, '2a9d60728748e39fd8ad727d49716e57', 'electraapp', '6dfa2c026aacee6b05e69efce2b5daf0', _binary 0xACED0005737200436F72672E737072696E676672616D65776F726B2E73656375726974792E6F61757468322E636F6D6D6F6E2E44656661756C744F4175746832416363657373546F6B656E0CB29E361B24FACE0200064C00156164646974696F6E616C496E666F726D6174696F6E74000F4C6A6176612F7574696C2F4D61703B4C000A65787069726174696F6E7400104C6A6176612F7574696C2F446174653B4C000C72656672657368546F6B656E74003F4C6F72672F737072696E676672616D65776F726B2F73656375726974792F6F61757468322F636F6D6D6F6E2F4F417574683252656672657368546F6B656E3B4C000573636F706574000F4C6A6176612F7574696C2F5365743B4C0009746F6B656E547970657400124C6A6176612F6C616E672F537472696E673B4C000576616C756571007E000578707372001E6A6176612E7574696C2E436F6C6C656374696F6E7324456D7074794D6170593614855ADCE7D002000078707372000E6A6176612E7574696C2E44617465686A81014B5974190300007870770800000163FAEF7546787372004C6F72672E737072696E676672616D65776F726B2E73656375726974792E6F61757468322E636F6D6D6F6E2E44656661756C744578706972696E674F417574683252656672657368546F6B656E2FDF47639DD0C9B70200014C000A65787069726174696F6E71007E0002787200446F72672E737072696E676672616D65776F726B2E73656375726974792E6F61757468322E636F6D6D6F6E2E44656661756C744F417574683252656672657368546F6B656E73E10E0A6354D45E0200014C000576616C756571007E0005787074002433616439653861352D643437622D343630352D396532622D3364636566386232326562377371007E000977080000016492DB0F4678737200256A6176612E7574696C2E436F6C6C656374696F6E7324556E6D6F6469666961626C65536574801D92D18F9B80550200007872002C6A6176612E7574696C2E436F6C6C656374696F6E7324556E6D6F6469666961626C65436F6C6C656374696F6E19420080CB5EF71E0200014C0001637400164C6A6176612F7574696C2F436F6C6C656374696F6E3B7870737200176A6176612E7574696C2E4C696E6B656448617368536574D86CD75A95DD2A1E020000787200116A6176612E7574696C2E48617368536574BA44859596B8B7340300007870770C000000103F40000000000003740005747275737474000520726561647400062077726974657874000662656172657274002466363365383438662D363532312D343733632D623862622D363566386165386161303632, '+91_9637525586'),
	('dc6a1efc1efdaade95653f1e4781f3e0', _binary 0xACED0005737200416F72672E737072696E676672616D65776F726B2E73656375726974792E6F61757468322E70726F76696465722E4F417574683241757468656E7469636174696F6EBD400B02166252130200024C000D73746F7265645265717565737474003C4C6F72672F737072696E676672616D65776F726B2F73656375726974792F6F61757468322F70726F76696465722F4F4175746832526571756573743B4C00127573657241757468656E7469636174696F6E7400324C6F72672F737072696E676672616D65776F726B2F73656375726974792F636F72652F41757468656E7469636174696F6E3B787200476F72672E737072696E676672616D65776F726B2E73656375726974792E61757468656E7469636174696F6E2E416273747261637441757468656E7469636174696F6E546F6B656ED3AA287E6E47640E0200035A000D61757468656E746963617465644C000B617574686F7269746965737400164C6A6176612F7574696C2F436F6C6C656374696F6E3B4C000764657461696C737400124C6A6176612F6C616E672F4F626A6563743B787000737200266A6176612E7574696C2E436F6C6C656374696F6E7324556E6D6F6469666961626C654C697374FC0F2531B5EC8E100200014C00046C6973747400104C6A6176612F7574696C2F4C6973743B7872002C6A6176612E7574696C2E436F6C6C656374696F6E7324556E6D6F6469666961626C65436F6C6C656374696F6E19420080CB5EF71E0200014C00016371007E00047870737200136A6176612E7574696C2E41727261794C6973747881D21D99C7619D03000149000473697A65787000000001770400000001737200426F72672E737072696E676672616D65776F726B2E73656375726974792E636F72652E617574686F726974792E53696D706C654772616E746564417574686F7269747900000000000001A40200014C0004726F6C657400124C6A6176612F6C616E672F537472696E673B7870740009524F4C455F555345527871007E000C707372003A6F72672E737072696E676672616D65776F726B2E73656375726974792E6F61757468322E70726F76696465722E4F41757468325265717565737400000000000000010200075A0008617070726F7665644C000B617574686F72697469657371007E00044C000A657874656E73696F6E7374000F4C6A6176612F7574696C2F4D61703B4C000B726564697265637455726971007E000E4C00077265667265736874003B4C6F72672F737072696E676672616D65776F726B2F73656375726974792F6F61757468322F70726F76696465722F546F6B656E526571756573743B4C000B7265736F7572636549647374000F4C6A6176612F7574696C2F5365743B4C000D726573706F6E7365547970657371007E0014787200386F72672E737072696E676672616D65776F726B2E73656375726974792E6F61757468322E70726F76696465722E426173655265717565737436287A3EA37169BD0200034C0008636C69656E74496471007E000E4C001172657175657374506172616D657465727371007E00124C000573636F706571007E0014787074000A656C6563747261617070737200256A6176612E7574696C2E436F6C6C656374696F6E7324556E6D6F6469666961626C654D6170F1A5A8FE74F507420200014C00016D71007E00127870737200116A6176612E7574696C2E486173684D61700507DAC1C31660D103000246000A6C6F6164466163746F724900097468726573686F6C6478703F400000000000037708000000040000000274000A6772616E745F7479706574000870617373776F7264740008757365726E616D6574000E2B39315F3930313532393338393478737200256A6176612E7574696C2E436F6C6C656374696F6E7324556E6D6F6469666961626C65536574801D92D18F9B80550200007871007E0009737200176A6176612E7574696C2E4C696E6B656448617368536574D86CD75A95DD2A1E020000787200116A6176612E7574696C2E48617368536574BA44859596B8B7340300007870770C000000103F400000000000037400057472757374740005207265616474000620777269746578017371007E0023770C000000103F400000000000017371007E000D74000455534552787371007E001A3F40000000000000770800000010000000007870737200396F72672E737072696E676672616D65776F726B2E73656375726974792E6F61757468322E70726F76696465722E546F6B656E52657175657374D62A84B8CF38F8010200014C00096772616E745479706571007E000E7871007E001574000A656C65637472616170707371007E00187371007E001A3F400000000000037708000000040000000274000A6772616E745F7479706574000D726566726573685F746F6B656E74000D726566726573685F746F6B656E74002432626662323630382D643732662D346431662D613235332D636335313039366333393634787371007E00207371007E0022770C000000103F400000000000007871007E00327371007E0023770C000000103F4000000000000174000C73656E647852657374415049787371007E0023770C000000103F40000000000000787372005B6F72672E737072696E676672616D65776F726B2E73656375726974792E7765622E61757468656E7469636174696F6E2E707265617574682E50726541757468656E7469636174656441757468656E7469636174696F6E546F6B656E00000000000001A40200024C000B63726564656E7469616C7371007E00054C00097072696E636970616C71007E00057871007E0003017371007E00077371007E000B0000000177040000000171007E000F7871007E003D7074000073720035636F6D2E697265736C61622E656C65637472616170702E737072696E6773656375726974792E5573657243726564656E7469616C7300000000000000010200014C00046D50494E71007E000E787200326F72672E737072696E676672616D65776F726B2E73656375726974792E636F72652E7573657264657461696C732E5573657200000000000001A40200075A00116163636F756E744E6F6E457870697265645A00106163636F756E744E6F6E4C6F636B65645A001563726564656E7469616C734E6F6E457870697265645A0007656E61626C65644C000B617574686F72697469657371007E00144C000870617373776F726471007E000E4C0008757365726E616D6571007E000E7870010101017371007E0020737200116A6176612E7574696C2E54726565536574DD98509395ED875B0300007870737200466F72672E737072696E676672616D65776F726B2E73656375726974792E636F72652E7573657264657461696C732E5573657224417574686F72697479436F6D70617261746F7200000000000001A4020000787077040000000171007E000F787071007E001F74003C243261243130247932634356344567593665363565614D48763464344F535862742E5631355A6C6F44374177424F376F6D5358443947692F63447636, '15e4ed3bc8114bb4e5946625c2543a3d', 'electraapp', 'd5befa85a61acf909881e678eb46d77a', _binary 0xACED0005737200436F72672E737072696E676672616D65776F726B2E73656375726974792E6F61757468322E636F6D6D6F6E2E44656661756C744F4175746832416363657373546F6B656E0CB29E361B24FACE0200064C00156164646974696F6E616C496E666F726D6174696F6E74000F4C6A6176612F7574696C2F4D61703B4C000A65787069726174696F6E7400104C6A6176612F7574696C2F446174653B4C000C72656672657368546F6B656E74003F4C6F72672F737072696E676672616D65776F726B2F73656375726974792F6F61757468322F636F6D6D6F6E2F4F417574683252656672657368546F6B656E3B4C000573636F706574000F4C6A6176612F7574696C2F5365743B4C0009746F6B656E547970657400124C6A6176612F6C616E672F537472696E673B4C000576616C756571007E000578707372001E6A6176612E7574696C2E436F6C6C656374696F6E7324456D7074794D6170593614855ADCE7D002000078707372000E6A6176612E7574696C2E44617465686A81014B597419030000787077080000016419A9EA63787372004C6F72672E737072696E676672616D65776F726B2E73656375726974792E6F61757468322E636F6D6D6F6E2E44656661756C744578706972696E674F417574683252656672657368546F6B656E2FDF47639DD0C9B70200014C000A65787069726174696F6E71007E0002787200446F72672E737072696E676672616D65776F726B2E73656375726974792E6F61757468322E636F6D6D6F6E2E44656661756C744F417574683252656672657368546F6B656E73E10E0A6354D45E0200014C000576616C756571007E0005787074002432626662323630382D643732662D346431662D613235332D6363353130393663333936347371007E0009770800000164B193DCC378737200256A6176612E7574696C2E436F6C6C656374696F6E7324556E6D6F6469666961626C65536574801D92D18F9B80550200007872002C6A6176612E7574696C2E436F6C6C656374696F6E7324556E6D6F6469666961626C65436F6C6C656374696F6E19420080CB5EF71E0200014C0001637400164C6A6176612F7574696C2F436F6C6C656374696F6E3B7870737200176A6176612E7574696C2E4C696E6B656448617368536574D86CD75A95DD2A1E020000787200116A6176612E7574696C2E48617368536574BA44859596B8B7340300007870770C000000103F40000000000003740005747275737474000520726561647400062077726974657874000662656172657274002433363737656561392D336633622D343439332D623262622D663266373235383735303262, '+91_9015293894');
/*!40000 ALTER TABLE `oauth_access_token` ENABLE KEYS */;

-- Dumping structure for table electraapp_schema8.oauth_refresh_token
CREATE TABLE IF NOT EXISTS `oauth_refresh_token` (
  `token_id` varchar(256) NOT NULL,
  `authentication` blob,
  `token` blob,
  PRIMARY KEY (`token_id`)
) ENGINE=InnoDB DEFAULT CHARSET=latin1;

-- Dumping data for table electraapp_schema8.oauth_refresh_token: ~8 rows (approximately)
DELETE FROM `oauth_refresh_token`;
/*!40000 ALTER TABLE `oauth_refresh_token` DISABLE KEYS */;
INSERT INTO `oauth_refresh_token` (`token_id`, `authentication`, `token`) VALUES
	('3195573eea906fc3173a0d57abe5bca3', _binary 0xACED0005737200416F72672E737072696E676672616D65776F726B2E73656375726974792E6F61757468322E70726F76696465722E4F417574683241757468656E7469636174696F6EBD400B02166252130200024C000D73746F7265645265717565737474003C4C6F72672F737072696E676672616D65776F726B2F73656375726974792F6F61757468322F70726F76696465722F4F4175746832526571756573743B4C00127573657241757468656E7469636174696F6E7400324C6F72672F737072696E676672616D65776F726B2F73656375726974792F636F72652F41757468656E7469636174696F6E3B787200476F72672E737072696E676672616D65776F726B2E73656375726974792E61757468656E7469636174696F6E2E416273747261637441757468656E7469636174696F6E546F6B656ED3AA287E6E47640E0200035A000D61757468656E746963617465644C000B617574686F7269746965737400164C6A6176612F7574696C2F436F6C6C656374696F6E3B4C000764657461696C737400124C6A6176612F6C616E672F4F626A6563743B787000737200266A6176612E7574696C2E436F6C6C656374696F6E7324556E6D6F6469666961626C654C697374FC0F2531B5EC8E100200014C00046C6973747400104C6A6176612F7574696C2F4C6973743B7872002C6A6176612E7574696C2E436F6C6C656374696F6E7324556E6D6F6469666961626C65436F6C6C656374696F6E19420080CB5EF71E0200014C00016371007E00047870737200136A6176612E7574696C2E41727261794C6973747881D21D99C7619D03000149000473697A65787000000001770400000001737200426F72672E737072696E676672616D65776F726B2E73656375726974792E636F72652E617574686F726974792E53696D706C654772616E746564417574686F7269747900000000000001A40200014C0004726F6C657400124C6A6176612F6C616E672F537472696E673B7870740009524F4C455F555345527871007E000C707372003A6F72672E737072696E676672616D65776F726B2E73656375726974792E6F61757468322E70726F76696465722E4F41757468325265717565737400000000000000010200075A0008617070726F7665644C000B617574686F72697469657371007E00044C000A657874656E73696F6E7374000F4C6A6176612F7574696C2F4D61703B4C000B726564697265637455726971007E000E4C00077265667265736874003B4C6F72672F737072696E676672616D65776F726B2F73656375726974792F6F61757468322F70726F76696465722F546F6B656E526571756573743B4C000B7265736F7572636549647374000F4C6A6176612F7574696C2F5365743B4C000D726573706F6E7365547970657371007E0014787200386F72672E737072696E676672616D65776F726B2E73656375726974792E6F61757468322E70726F76696465722E426173655265717565737436287A3EA37169BD0200034C0008636C69656E74496471007E000E4C001172657175657374506172616D657465727371007E00124C000573636F706571007E0014787074000A656C6563747261617070737200256A6176612E7574696C2E436F6C6C656374696F6E7324556E6D6F6469666961626C654D6170F1A5A8FE74F507420200014C00016D71007E00127870737200116A6176612E7574696C2E486173684D61700507DAC1C31660D103000246000A6C6F6164466163746F724900097468726573686F6C6478703F400000000000037708000000040000000274000A6772616E745F7479706574000870617373776F7264740008757365726E616D6574000E2B39315F3936383533313234383778737200256A6176612E7574696C2E436F6C6C656374696F6E7324556E6D6F6469666961626C65536574801D92D18F9B80550200007871007E0009737200176A6176612E7574696C2E4C696E6B656448617368536574D86CD75A95DD2A1E020000787200116A6176612E7574696C2E48617368536574BA44859596B8B7340300007870770C000000103F400000000000037400057472757374740005207265616474000620777269746578017371007E0023770C000000103F400000000000017371007E000D74000455534552787371007E001A3F40000000000000770800000010000000007870707371007E0023770C000000103F4000000000000174000C73656E647852657374415049787371007E0023770C000000103F40000000000000787372004F6F72672E737072696E676672616D65776F726B2E73656375726974792E61757468656E7469636174696F6E2E557365726E616D6550617373776F726441757468656E7469636174696F6E546F6B656E00000000000001A40200024C000B63726564656E7469616C7371007E00054C00097072696E636970616C71007E00057871007E0003017371007E00077371007E000B0000000177040000000171007E000F7871007E0032737200176A6176612E7574696C2E4C696E6B6564486173684D617034C04E5C106CC0FB0200015A000B6163636573734F726465727871007E001A3F400000000000067708000000080000000271007E001C71007E001D71007E001E71007E001F78007073720035636F6D2E697265736C61622E656C65637472616170702E737072696E6773656375726974792E5573657243726564656E7469616C7300000000000000010200014C00046D50494E71007E000E787200326F72672E737072696E676672616D65776F726B2E73656375726974792E636F72652E7573657264657461696C732E5573657200000000000001A40200075A00116163636F756E744E6F6E457870697265645A00106163636F756E744E6F6E4C6F636B65645A001563726564656E7469616C734E6F6E457870697265645A0007656E61626C65644C000B617574686F72697469657371007E00144C000870617373776F726471007E000E4C0008757365726E616D6571007E000E7870010101017371007E0020737200116A6176612E7574696C2E54726565536574DD98509395ED875B0300007870737200466F72672E737072696E676672616D65776F726B2E73656375726974792E636F72652E7573657264657461696C732E5573657224417574686F72697479436F6D70617261746F7200000000000001A4020000787077040000000171007E000F787071007E001F74003C243261243130244D754C456F514574337A793330624A6266773573682E4D3643706C5A4E704F43546B676A357546496862783871316B653635417169, _binary 0xACED00057372004C6F72672E737072696E676672616D65776F726B2E73656375726974792E6F61757468322E636F6D6D6F6E2E44656661756C744578706972696E674F417574683252656672657368546F6B656E2FDF47639DD0C9B70200014C000A65787069726174696F6E7400104C6A6176612F7574696C2F446174653B787200446F72672E737072696E676672616D65776F726B2E73656375726974792E6F61757468322E636F6D6D6F6E2E44656661756C744F417574683252656672657368546F6B656E73E10E0A6354D45E0200014C000576616C75657400124C6A6176612F6C616E672F537472696E673B787074002439326531623163632D663837362D346631382D616434652D6362623662396536356463627372000E6A6176612E7574696C2E44617465686A81014B597419030000787077080000016492D4D43B78),
	('336d077afc6199c0bc47d80a7c51fde1', _binary 0xACED0005737200416F72672E737072696E676672616D65776F726B2E73656375726974792E6F61757468322E70726F76696465722E4F417574683241757468656E7469636174696F6EBD400B02166252130200024C000D73746F7265645265717565737474003C4C6F72672F737072696E676672616D65776F726B2F73656375726974792F6F61757468322F70726F76696465722F4F4175746832526571756573743B4C00127573657241757468656E7469636174696F6E7400324C6F72672F737072696E676672616D65776F726B2F73656375726974792F636F72652F41757468656E7469636174696F6E3B787200476F72672E737072696E676672616D65776F726B2E73656375726974792E61757468656E7469636174696F6E2E416273747261637441757468656E7469636174696F6E546F6B656ED3AA287E6E47640E0200035A000D61757468656E746963617465644C000B617574686F7269746965737400164C6A6176612F7574696C2F436F6C6C656374696F6E3B4C000764657461696C737400124C6A6176612F6C616E672F4F626A6563743B787000737200266A6176612E7574696C2E436F6C6C656374696F6E7324556E6D6F6469666961626C654C697374FC0F2531B5EC8E100200014C00046C6973747400104C6A6176612F7574696C2F4C6973743B7872002C6A6176612E7574696C2E436F6C6C656374696F6E7324556E6D6F6469666961626C65436F6C6C656374696F6E19420080CB5EF71E0200014C00016371007E00047870737200136A6176612E7574696C2E41727261794C6973747881D21D99C7619D03000149000473697A65787000000001770400000001737200426F72672E737072696E676672616D65776F726B2E73656375726974792E636F72652E617574686F726974792E53696D706C654772616E746564417574686F7269747900000000000001A40200014C0004726F6C657400124C6A6176612F6C616E672F537472696E673B7870740009524F4C455F555345527871007E000C707372003A6F72672E737072696E676672616D65776F726B2E73656375726974792E6F61757468322E70726F76696465722E4F41757468325265717565737400000000000000010200075A0008617070726F7665644C000B617574686F72697469657371007E00044C000A657874656E73696F6E7374000F4C6A6176612F7574696C2F4D61703B4C000B726564697265637455726971007E000E4C00077265667265736874003B4C6F72672F737072696E676672616D65776F726B2F73656375726974792F6F61757468322F70726F76696465722F546F6B656E526571756573743B4C000B7265736F7572636549647374000F4C6A6176612F7574696C2F5365743B4C000D726573706F6E7365547970657371007E0014787200386F72672E737072696E676672616D65776F726B2E73656375726974792E6F61757468322E70726F76696465722E426173655265717565737436287A3EA37169BD0200034C0008636C69656E74496471007E000E4C001172657175657374506172616D657465727371007E00124C000573636F706571007E0014787074000A656C6563747261617070737200256A6176612E7574696C2E436F6C6C656374696F6E7324556E6D6F6469666961626C654D6170F1A5A8FE74F507420200014C00016D71007E00127870737200116A6176612E7574696C2E486173684D61700507DAC1C31660D103000246000A6C6F6164466163746F724900097468726573686F6C6478703F400000000000037708000000040000000274000A6772616E745F7479706574000870617373776F7264740008757365726E616D6574000E2B39315F3930313532393338393578737200256A6176612E7574696C2E436F6C6C656374696F6E7324556E6D6F6469666961626C65536574801D92D18F9B80550200007871007E0009737200176A6176612E7574696C2E4C696E6B656448617368536574D86CD75A95DD2A1E020000787200116A6176612E7574696C2E48617368536574BA44859596B8B7340300007870770C000000103F400000000000037400057472757374740005207265616474000620777269746578017371007E0023770C000000103F400000000000017371007E000D74000455534552787371007E001A3F40000000000000770800000010000000007870707371007E0023770C000000103F4000000000000174000C73656E647852657374415049787371007E0023770C000000103F40000000000000787372004F6F72672E737072696E676672616D65776F726B2E73656375726974792E61757468656E7469636174696F6E2E557365726E616D6550617373776F726441757468656E7469636174696F6E546F6B656E00000000000001A40200024C000B63726564656E7469616C7371007E00054C00097072696E636970616C71007E00057871007E0003017371007E00077371007E000B0000000177040000000171007E000F7871007E0032737200176A6176612E7574696C2E4C696E6B6564486173684D617034C04E5C106CC0FB0200015A000B6163636573734F726465727871007E001A3F400000000000067708000000080000000271007E001C71007E001D71007E001E71007E001F78007073720035636F6D2E697265736C61622E656C65637472616170702E737072696E6773656375726974792E5573657243726564656E7469616C7300000000000000010200014C00046D50494E71007E000E787200326F72672E737072696E676672616D65776F726B2E73656375726974792E636F72652E7573657264657461696C732E5573657200000000000001A40200075A00116163636F756E744E6F6E457870697265645A00106163636F756E744E6F6E4C6F636B65645A001563726564656E7469616C734E6F6E457870697265645A0007656E61626C65644C000B617574686F72697469657371007E00144C000870617373776F726471007E000E4C0008757365726E616D6571007E000E7870010101017371007E0020737200116A6176612E7574696C2E54726565536574DD98509395ED875B0300007870737200466F72672E737072696E676672616D65776F726B2E73656375726974792E636F72652E7573657264657461696C732E5573657224417574686F72697479436F6D70617261746F7200000000000001A4020000787077040000000171007E000F787071007E001F74003C243261243130244A622F47507637515670362F794279527744793771753464436349364677314B5661397658306B574747765939704E706148376261, _binary 0xACED00057372004C6F72672E737072696E676672616D65776F726B2E73656375726974792E6F61757468322E636F6D6D6F6E2E44656661756C744578706972696E674F417574683252656672657368546F6B656E2FDF47639DD0C9B70200014C000A65787069726174696F6E7400104C6A6176612F7574696C2F446174653B787200446F72672E737072696E676672616D65776F726B2E73656375726974792E6F61757468322E636F6D6D6F6E2E44656661756C744F417574683252656672657368546F6B656E73E10E0A6354D45E0200014C000576616C75657400124C6A6176612F6C616E672F537472696E673B787074002431643966316339302D643639302D343161302D393261662D6336326133393236383136657372000E6A6176612E7574696C2E44617465686A81014B5974190300007870770800000164B1A15AAA78),
	('361769dc15f83f4db4d0f07c7530f501', _binary 0xACED0005737200416F72672E737072696E676672616D65776F726B2E73656375726974792E6F61757468322E70726F76696465722E4F417574683241757468656E7469636174696F6EBD400B02166252130200024C000D73746F7265645265717565737474003C4C6F72672F737072696E676672616D65776F726B2F73656375726974792F6F61757468322F70726F76696465722F4F4175746832526571756573743B4C00127573657241757468656E7469636174696F6E7400324C6F72672F737072696E676672616D65776F726B2F73656375726974792F636F72652F41757468656E7469636174696F6E3B787200476F72672E737072696E676672616D65776F726B2E73656375726974792E61757468656E7469636174696F6E2E416273747261637441757468656E7469636174696F6E546F6B656ED3AA287E6E47640E0200035A000D61757468656E746963617465644C000B617574686F7269746965737400164C6A6176612F7574696C2F436F6C6C656374696F6E3B4C000764657461696C737400124C6A6176612F6C616E672F4F626A6563743B787000737200266A6176612E7574696C2E436F6C6C656374696F6E7324556E6D6F6469666961626C654C697374FC0F2531B5EC8E100200014C00046C6973747400104C6A6176612F7574696C2F4C6973743B7872002C6A6176612E7574696C2E436F6C6C656374696F6E7324556E6D6F6469666961626C65436F6C6C656374696F6E19420080CB5EF71E0200014C00016371007E00047870737200136A6176612E7574696C2E41727261794C6973747881D21D99C7619D03000149000473697A65787000000001770400000001737200426F72672E737072696E676672616D65776F726B2E73656375726974792E636F72652E617574686F726974792E53696D706C654772616E746564417574686F7269747900000000000001A40200014C0004726F6C657400124C6A6176612F6C616E672F537472696E673B7870740009524F4C455F555345527871007E000C707372003A6F72672E737072696E676672616D65776F726B2E73656375726974792E6F61757468322E70726F76696465722E4F41757468325265717565737400000000000000010200075A0008617070726F7665644C000B617574686F72697469657371007E00044C000A657874656E73696F6E7374000F4C6A6176612F7574696C2F4D61703B4C000B726564697265637455726971007E000E4C00077265667265736874003B4C6F72672F737072696E676672616D65776F726B2F73656375726974792F6F61757468322F70726F76696465722F546F6B656E526571756573743B4C000B7265736F7572636549647374000F4C6A6176612F7574696C2F5365743B4C000D726573706F6E7365547970657371007E0014787200386F72672E737072696E676672616D65776F726B2E73656375726974792E6F61757468322E70726F76696465722E426173655265717565737436287A3EA37169BD0200034C0008636C69656E74496471007E000E4C001172657175657374506172616D657465727371007E00124C000573636F706571007E0014787074000A656C6563747261617070737200256A6176612E7574696C2E436F6C6C656374696F6E7324556E6D6F6469666961626C654D6170F1A5A8FE74F507420200014C00016D71007E00127870737200116A6176612E7574696C2E486173684D61700507DAC1C31660D103000246000A6C6F6164466163746F724900097468726573686F6C6478703F400000000000037708000000040000000274000A6772616E745F7479706574000870617373776F7264740008757365726E616D6574000E2B39315F3935353534383833373078737200256A6176612E7574696C2E436F6C6C656374696F6E7324556E6D6F6469666961626C65536574801D92D18F9B80550200007871007E0009737200176A6176612E7574696C2E4C696E6B656448617368536574D86CD75A95DD2A1E020000787200116A6176612E7574696C2E48617368536574BA44859596B8B7340300007870770C000000103F400000000000037400057472757374740005207265616474000620777269746578017371007E0023770C000000103F400000000000017371007E000D74000455534552787371007E001A3F40000000000000770800000010000000007870707371007E0023770C000000103F4000000000000174000C73656E647852657374415049787371007E0023770C000000103F40000000000000787372004F6F72672E737072696E676672616D65776F726B2E73656375726974792E61757468656E7469636174696F6E2E557365726E616D6550617373776F726441757468656E7469636174696F6E546F6B656E00000000000001A40200024C000B63726564656E7469616C7371007E00054C00097072696E636970616C71007E00057871007E0003017371007E00077371007E000B0000000177040000000171007E000F7871007E0032737200176A6176612E7574696C2E4C696E6B6564486173684D617034C04E5C106CC0FB0200015A000B6163636573734F726465727871007E001A3F400000000000067708000000080000000271007E001C71007E001D71007E001E71007E001F78007073720035636F6D2E697265736C61622E656C65637472616170702E737072696E6773656375726974792E5573657243726564656E7469616C7300000000000000010200014C00046D50494E71007E000E787200326F72672E737072696E676672616D65776F726B2E73656375726974792E636F72652E7573657264657461696C732E5573657200000000000001A40200075A00116163636F756E744E6F6E457870697265645A00106163636F756E744E6F6E4C6F636B65645A001563726564656E7469616C734E6F6E457870697265645A0007656E61626C65644C000B617574686F72697469657371007E00144C000870617373776F726471007E000E4C0008757365726E616D6571007E000E7870010101017371007E0020737200116A6176612E7574696C2E54726565536574DD98509395ED875B0300007870737200466F72672E737072696E676672616D65776F726B2E73656375726974792E636F72652E7573657264657461696C732E5573657224417574686F72697479436F6D70617261746F7200000000000001A4020000787077040000000171007E000F787071007E001F74003C243261243130244E7332564564547073334848584435386C626A77382E34614346754537514E4B7867592E364A5749453630395335424C6734735043, _binary 0xACED00057372004C6F72672E737072696E676672616D65776F726B2E73656375726974792E6F61757468322E636F6D6D6F6E2E44656661756C744578706972696E674F417574683252656672657368546F6B656E2FDF47639DD0C9B70200014C000A65787069726174696F6E7400104C6A6176612F7574696C2F446174653B787200446F72672E737072696E676672616D65776F726B2E73656375726974792E6F61757468322E636F6D6D6F6E2E44656661756C744F417574683252656672657368546F6B656E73E10E0A6354D45E0200014C000576616C75657400124C6A6176612F6C616E672F537472696E673B787074002466636335613266662D626633642D343964642D383235332D3066623237386230663532667372000E6A6176612E7574696C2E44617465686A81014B5974190300007870770800000164B12FC71A78),
	('59b957dfea974d0ded6cd00940e624fa', _binary 0xACED0005737200416F72672E737072696E676672616D65776F726B2E73656375726974792E6F61757468322E70726F76696465722E4F417574683241757468656E7469636174696F6EBD400B02166252130200024C000D73746F7265645265717565737474003C4C6F72672F737072696E676672616D65776F726B2F73656375726974792F6F61757468322F70726F76696465722F4F4175746832526571756573743B4C00127573657241757468656E7469636174696F6E7400324C6F72672F737072696E676672616D65776F726B2F73656375726974792F636F72652F41757468656E7469636174696F6E3B787200476F72672E737072696E676672616D65776F726B2E73656375726974792E61757468656E7469636174696F6E2E416273747261637441757468656E7469636174696F6E546F6B656ED3AA287E6E47640E0200035A000D61757468656E746963617465644C000B617574686F7269746965737400164C6A6176612F7574696C2F436F6C6C656374696F6E3B4C000764657461696C737400124C6A6176612F6C616E672F4F626A6563743B787000737200266A6176612E7574696C2E436F6C6C656374696F6E7324556E6D6F6469666961626C654C697374FC0F2531B5EC8E100200014C00046C6973747400104C6A6176612F7574696C2F4C6973743B7872002C6A6176612E7574696C2E436F6C6C656374696F6E7324556E6D6F6469666961626C65436F6C6C656374696F6E19420080CB5EF71E0200014C00016371007E00047870737200136A6176612E7574696C2E41727261794C6973747881D21D99C7619D03000149000473697A65787000000001770400000001737200426F72672E737072696E676672616D65776F726B2E73656375726974792E636F72652E617574686F726974792E53696D706C654772616E746564417574686F7269747900000000000001A40200014C0004726F6C657400124C6A6176612F6C616E672F537472696E673B7870740009524F4C455F555345527871007E000C707372003A6F72672E737072696E676672616D65776F726B2E73656375726974792E6F61757468322E70726F76696465722E4F41757468325265717565737400000000000000010200075A0008617070726F7665644C000B617574686F72697469657371007E00044C000A657874656E73696F6E7374000F4C6A6176612F7574696C2F4D61703B4C000B726564697265637455726971007E000E4C00077265667265736874003B4C6F72672F737072696E676672616D65776F726B2F73656375726974792F6F61757468322F70726F76696465722F546F6B656E526571756573743B4C000B7265736F7572636549647374000F4C6A6176612F7574696C2F5365743B4C000D726573706F6E7365547970657371007E0014787200386F72672E737072696E676672616D65776F726B2E73656375726974792E6F61757468322E70726F76696465722E426173655265717565737436287A3EA37169BD0200034C0008636C69656E74496471007E000E4C001172657175657374506172616D657465727371007E00124C000573636F706571007E0014787074000A656C6563747261617070737200256A6176612E7574696C2E436F6C6C656374696F6E7324556E6D6F6469666961626C654D6170F1A5A8FE74F507420200014C00016D71007E00127870737200116A6176612E7574696C2E486173684D61700507DAC1C31660D103000246000A6C6F6164466163746F724900097468726573686F6C6478703F400000000000037708000000040000000274000A6772616E745F7479706574000870617373776F7264740008757365726E616D6574000E2B39315F3930313532393338393378737200256A6176612E7574696C2E436F6C6C656374696F6E7324556E6D6F6469666961626C65536574801D92D18F9B80550200007871007E0009737200176A6176612E7574696C2E4C696E6B656448617368536574D86CD75A95DD2A1E020000787200116A6176612E7574696C2E48617368536574BA44859596B8B7340300007870770C000000103F400000000000037400057472757374740005207265616474000620777269746578017371007E0023770C000000103F400000000000017371007E000D74000455534552787371007E001A3F40000000000000770800000010000000007870707371007E0023770C000000103F4000000000000174000C73656E647852657374415049787371007E0023770C000000103F40000000000000787372004F6F72672E737072696E676672616D65776F726B2E73656375726974792E61757468656E7469636174696F6E2E557365726E616D6550617373776F726441757468656E7469636174696F6E546F6B656E00000000000001A40200024C000B63726564656E7469616C7371007E00054C00097072696E636970616C71007E00057871007E0003017371007E00077371007E000B0000000177040000000171007E000F7871007E0032737200176A6176612E7574696C2E4C696E6B6564486173684D617034C04E5C106CC0FB0200015A000B6163636573734F726465727871007E001A3F400000000000067708000000080000000271007E001C71007E001D71007E001E71007E001F78007073720035636F6D2E697265736C61622E656C65637472616170702E737072696E6773656375726974792E5573657243726564656E7469616C7300000000000000010200014C00046D50494E71007E000E787200326F72672E737072696E676672616D65776F726B2E73656375726974792E636F72652E7573657264657461696C732E5573657200000000000001A40200075A00116163636F756E744E6F6E457870697265645A00106163636F756E744E6F6E4C6F636B65645A001563726564656E7469616C734E6F6E457870697265645A0007656E61626C65644C000B617574686F72697469657371007E00144C000870617373776F726471007E000E4C0008757365726E616D6571007E000E7870010101017371007E0020737200116A6176612E7574696C2E54726565536574DD98509395ED875B0300007870737200466F72672E737072696E676672616D65776F726B2E73656375726974792E636F72652E7573657264657461696C732E5573657224417574686F72697479436F6D70617261746F7200000000000001A4020000787077040000000171007E000F787071007E001F70, _binary 0xACED00057372004C6F72672E737072696E676672616D65776F726B2E73656375726974792E6F61757468322E636F6D6D6F6E2E44656661756C744578706972696E674F417574683252656672657368546F6B656E2FDF47639DD0C9B70200014C000A65787069726174696F6E7400104C6A6176612F7574696C2F446174653B787200446F72672E737072696E676672616D65776F726B2E73656375726974792E6F61757468322E636F6D6D6F6E2E44656661756C744F417574683252656672657368546F6B656E73E10E0A6354D45E0200014C000576616C75657400124C6A6176612F6C616E672F537472696E673B787074002435313833343061652D643466632D343035332D623662352D3335383963646161363532657372000E6A6176612E7574696C2E44617465686A81014B597419030000787077080000016498896A9B78),
	('6b675a86565721641843afc004d70f9a', _binary 0xACED0005737200416F72672E737072696E676672616D65776F726B2E73656375726974792E6F61757468322E70726F76696465722E4F417574683241757468656E7469636174696F6EBD400B02166252130200024C000D73746F7265645265717565737474003C4C6F72672F737072696E676672616D65776F726B2F73656375726974792F6F61757468322F70726F76696465722F4F4175746832526571756573743B4C00127573657241757468656E7469636174696F6E7400324C6F72672F737072696E676672616D65776F726B2F73656375726974792F636F72652F41757468656E7469636174696F6E3B787200476F72672E737072696E676672616D65776F726B2E73656375726974792E61757468656E7469636174696F6E2E416273747261637441757468656E7469636174696F6E546F6B656ED3AA287E6E47640E0200035A000D61757468656E746963617465644C000B617574686F7269746965737400164C6A6176612F7574696C2F436F6C6C656374696F6E3B4C000764657461696C737400124C6A6176612F6C616E672F4F626A6563743B787000737200266A6176612E7574696C2E436F6C6C656374696F6E7324556E6D6F6469666961626C654C697374FC0F2531B5EC8E100200014C00046C6973747400104C6A6176612F7574696C2F4C6973743B7872002C6A6176612E7574696C2E436F6C6C656374696F6E7324556E6D6F6469666961626C65436F6C6C656374696F6E19420080CB5EF71E0200014C00016371007E00047870737200136A6176612E7574696C2E41727261794C6973747881D21D99C7619D03000149000473697A65787000000001770400000001737200426F72672E737072696E676672616D65776F726B2E73656375726974792E636F72652E617574686F726974792E53696D706C654772616E746564417574686F7269747900000000000001A40200014C0004726F6C657400124C6A6176612F6C616E672F537472696E673B7870740009524F4C455F555345527871007E000C707372003A6F72672E737072696E676672616D65776F726B2E73656375726974792E6F61757468322E70726F76696465722E4F41757468325265717565737400000000000000010200075A0008617070726F7665644C000B617574686F72697469657371007E00044C000A657874656E73696F6E7374000F4C6A6176612F7574696C2F4D61703B4C000B726564697265637455726971007E000E4C00077265667265736874003B4C6F72672F737072696E676672616D65776F726B2F73656375726974792F6F61757468322F70726F76696465722F546F6B656E526571756573743B4C000B7265736F7572636549647374000F4C6A6176612F7574696C2F5365743B4C000D726573706F6E7365547970657371007E0014787200386F72672E737072696E676672616D65776F726B2E73656375726974792E6F61757468322E70726F76696465722E426173655265717565737436287A3EA37169BD0200034C0008636C69656E74496471007E000E4C001172657175657374506172616D657465727371007E00124C000573636F706571007E0014787074000A656C6563747261617070737200256A6176612E7574696C2E436F6C6C656374696F6E7324556E6D6F6469666961626C654D6170F1A5A8FE74F507420200014C00016D71007E00127870737200116A6176612E7574696C2E486173684D61700507DAC1C31660D103000246000A6C6F6164466163746F724900097468726573686F6C6478703F400000000000037708000000040000000274000A6772616E745F7479706574000870617373776F7264740008757365726E616D6574000E2B39315F3936383537343132333578737200256A6176612E7574696C2E436F6C6C656374696F6E7324556E6D6F6469666961626C65536574801D92D18F9B80550200007871007E0009737200176A6176612E7574696C2E4C696E6B656448617368536574D86CD75A95DD2A1E020000787200116A6176612E7574696C2E48617368536574BA44859596B8B7340300007870770C000000103F400000000000037400057472757374740005207265616474000620777269746578017371007E0023770C000000103F400000000000017371007E000D74000455534552787371007E001A3F40000000000000770800000010000000007870707371007E0023770C000000103F4000000000000174000C73656E647852657374415049787371007E0023770C000000103F40000000000000787372004F6F72672E737072696E676672616D65776F726B2E73656375726974792E61757468656E7469636174696F6E2E557365726E616D6550617373776F726441757468656E7469636174696F6E546F6B656E00000000000001A40200024C000B63726564656E7469616C7371007E00054C00097072696E636970616C71007E00057871007E0003017371007E00077371007E000B0000000177040000000171007E000F7871007E0032737200176A6176612E7574696C2E4C696E6B6564486173684D617034C04E5C106CC0FB0200015A000B6163636573734F726465727871007E001A3F400000000000067708000000080000000271007E001C71007E001D71007E001E71007E001F78007073720035636F6D2E697265736C61622E656C65637472616170702E737072696E6773656375726974792E5573657243726564656E7469616C7300000000000000010200014C00046D50494E71007E000E787200326F72672E737072696E676672616D65776F726B2E73656375726974792E636F72652E7573657264657461696C732E5573657200000000000001A40200075A00116163636F756E744E6F6E457870697265645A00106163636F756E744E6F6E4C6F636B65645A001563726564656E7469616C734E6F6E457870697265645A0007656E61626C65644C000B617574686F72697469657371007E00144C000870617373776F726471007E000E4C0008757365726E616D6571007E000E7870010101017371007E0020737200116A6176612E7574696C2E54726565536574DD98509395ED875B0300007870737200466F72672E737072696E676672616D65776F726B2E73656375726974792E636F72652E7573657264657461696C732E5573657224417574686F72697479436F6D70617261746F7200000000000001A4020000787077040000000171007E000F787071007E001F74003C24326124313024564556393078742F674D71456667542E6B764B527875525A726768642E6D4C775968355832344E4B65353457694F522F793159672E, _binary 0xACED00057372004C6F72672E737072696E676672616D65776F726B2E73656375726974792E6F61757468322E636F6D6D6F6E2E44656661756C744578706972696E674F417574683252656672657368546F6B656E2FDF47639DD0C9B70200014C000A65787069726174696F6E7400104C6A6176612F7574696C2F446174653B787200446F72672E737072696E676672616D65776F726B2E73656375726974792E6F61757468322E636F6D6D6F6E2E44656661756C744F417574683252656672657368546F6B656E73E10E0A6354D45E0200014C000576616C75657400124C6A6176612F6C616E672F537472696E673B787074002461326462333636302D326361632D343665382D626233652D3430323061626234336636367372000E6A6176612E7574696C2E44617465686A81014B59741903000078707708000001649341207178),
	('6dfa2c026aacee6b05e69efce2b5daf0', _binary 0xACED0005737200416F72672E737072696E676672616D65776F726B2E73656375726974792E6F61757468322E70726F76696465722E4F417574683241757468656E7469636174696F6EBD400B02166252130200024C000D73746F7265645265717565737474003C4C6F72672F737072696E676672616D65776F726B2F73656375726974792F6F61757468322F70726F76696465722F4F4175746832526571756573743B4C00127573657241757468656E7469636174696F6E7400324C6F72672F737072696E676672616D65776F726B2F73656375726974792F636F72652F41757468656E7469636174696F6E3B787200476F72672E737072696E676672616D65776F726B2E73656375726974792E61757468656E7469636174696F6E2E416273747261637441757468656E7469636174696F6E546F6B656ED3AA287E6E47640E0200035A000D61757468656E746963617465644C000B617574686F7269746965737400164C6A6176612F7574696C2F436F6C6C656374696F6E3B4C000764657461696C737400124C6A6176612F6C616E672F4F626A6563743B787000737200266A6176612E7574696C2E436F6C6C656374696F6E7324556E6D6F6469666961626C654C697374FC0F2531B5EC8E100200014C00046C6973747400104C6A6176612F7574696C2F4C6973743B7872002C6A6176612E7574696C2E436F6C6C656374696F6E7324556E6D6F6469666961626C65436F6C6C656374696F6E19420080CB5EF71E0200014C00016371007E00047870737200136A6176612E7574696C2E41727261794C6973747881D21D99C7619D03000149000473697A65787000000001770400000001737200426F72672E737072696E676672616D65776F726B2E73656375726974792E636F72652E617574686F726974792E53696D706C654772616E746564417574686F7269747900000000000001A40200014C0004726F6C657400124C6A6176612F6C616E672F537472696E673B7870740009524F4C455F555345527871007E000C707372003A6F72672E737072696E676672616D65776F726B2E73656375726974792E6F61757468322E70726F76696465722E4F41757468325265717565737400000000000000010200075A0008617070726F7665644C000B617574686F72697469657371007E00044C000A657874656E73696F6E7374000F4C6A6176612F7574696C2F4D61703B4C000B726564697265637455726971007E000E4C00077265667265736874003B4C6F72672F737072696E676672616D65776F726B2F73656375726974792F6F61757468322F70726F76696465722F546F6B656E526571756573743B4C000B7265736F7572636549647374000F4C6A6176612F7574696C2F5365743B4C000D726573706F6E7365547970657371007E0014787200386F72672E737072696E676672616D65776F726B2E73656375726974792E6F61757468322E70726F76696465722E426173655265717565737436287A3EA37169BD0200034C0008636C69656E74496471007E000E4C001172657175657374506172616D657465727371007E00124C000573636F706571007E0014787074000A656C6563747261617070737200256A6176612E7574696C2E436F6C6C656374696F6E7324556E6D6F6469666961626C654D6170F1A5A8FE74F507420200014C00016D71007E00127870737200116A6176612E7574696C2E486173684D61700507DAC1C31660D103000246000A6C6F6164466163746F724900097468726573686F6C6478703F400000000000037708000000040000000274000A6772616E745F7479706574000870617373776F7264740008757365726E616D6574000E2B39315F3936333735323535383678737200256A6176612E7574696C2E436F6C6C656374696F6E7324556E6D6F6469666961626C65536574801D92D18F9B80550200007871007E0009737200176A6176612E7574696C2E4C696E6B656448617368536574D86CD75A95DD2A1E020000787200116A6176612E7574696C2E48617368536574BA44859596B8B7340300007870770C000000103F400000000000037400057472757374740005207265616474000620777269746578017371007E0023770C000000103F400000000000017371007E000D74000455534552787371007E001A3F40000000000000770800000010000000007870707371007E0023770C000000103F4000000000000174000C73656E647852657374415049787371007E0023770C000000103F40000000000000787372004F6F72672E737072696E676672616D65776F726B2E73656375726974792E61757468656E7469636174696F6E2E557365726E616D6550617373776F726441757468656E7469636174696F6E546F6B656E00000000000001A40200024C000B63726564656E7469616C7371007E00054C00097072696E636970616C71007E00057871007E0003017371007E00077371007E000B0000000177040000000171007E000F7871007E0032737200176A6176612E7574696C2E4C696E6B6564486173684D617034C04E5C106CC0FB0200015A000B6163636573734F726465727871007E001A3F400000000000067708000000080000000271007E001C71007E001D71007E001E71007E001F78007073720035636F6D2E697265736C61622E656C65637472616170702E737072696E6773656375726974792E5573657243726564656E7469616C7300000000000000010200014C00046D50494E71007E000E787200326F72672E737072696E676672616D65776F726B2E73656375726974792E636F72652E7573657264657461696C732E5573657200000000000001A40200075A00116163636F756E744E6F6E457870697265645A00106163636F756E744E6F6E4C6F636B65645A001563726564656E7469616C734E6F6E457870697265645A0007656E61626C65644C000B617574686F72697469657371007E00144C000870617373776F726471007E000E4C0008757365726E616D6571007E000E7870010101017371007E0020737200116A6176612E7574696C2E54726565536574DD98509395ED875B0300007870737200466F72672E737072696E676672616D65776F726B2E73656375726974792E636F72652E7573657264657461696C732E5573657224417574686F72697479436F6D70617261746F7200000000000001A4020000787077040000000171007E000F787071007E001F74003C24326124313024695250506361474666514B4750582F662F5256747965616747594E6B78524678566E373951506C6D59376E7545426C447237443057, _binary 0xACED00057372004C6F72672E737072696E676672616D65776F726B2E73656375726974792E6F61757468322E636F6D6D6F6E2E44656661756C744578706972696E674F417574683252656672657368546F6B656E2FDF47639DD0C9B70200014C000A65787069726174696F6E7400104C6A6176612F7574696C2F446174653B787200446F72672E737072696E676672616D65776F726B2E73656375726974792E6F61757468322E636F6D6D6F6E2E44656661756C744F417574683252656672657368546F6B656E73E10E0A6354D45E0200014C000576616C75657400124C6A6176612F6C616E672F537472696E673B787074002433616439653861352D643437622D343630352D396532622D3364636566386232326562377372000E6A6176612E7574696C2E44617465686A81014B597419030000787077080000016492DB0F4678),
	('99f355125485cb51b83756c8802d85d4', _binary 0xACED0005737200416F72672E737072696E676672616D65776F726B2E73656375726974792E6F61757468322E70726F76696465722E4F417574683241757468656E7469636174696F6EBD400B02166252130200024C000D73746F7265645265717565737474003C4C6F72672F737072696E676672616D65776F726B2F73656375726974792F6F61757468322F70726F76696465722F4F4175746832526571756573743B4C00127573657241757468656E7469636174696F6E7400324C6F72672F737072696E676672616D65776F726B2F73656375726974792F636F72652F41757468656E7469636174696F6E3B787200476F72672E737072696E676672616D65776F726B2E73656375726974792E61757468656E7469636174696F6E2E416273747261637441757468656E7469636174696F6E546F6B656ED3AA287E6E47640E0200035A000D61757468656E746963617465644C000B617574686F7269746965737400164C6A6176612F7574696C2F436F6C6C656374696F6E3B4C000764657461696C737400124C6A6176612F6C616E672F4F626A6563743B787000737200266A6176612E7574696C2E436F6C6C656374696F6E7324556E6D6F6469666961626C654C697374FC0F2531B5EC8E100200014C00046C6973747400104C6A6176612F7574696C2F4C6973743B7872002C6A6176612E7574696C2E436F6C6C656374696F6E7324556E6D6F6469666961626C65436F6C6C656374696F6E19420080CB5EF71E0200014C00016371007E00047870737200136A6176612E7574696C2E41727261794C6973747881D21D99C7619D03000149000473697A65787000000001770400000001737200426F72672E737072696E676672616D65776F726B2E73656375726974792E636F72652E617574686F726974792E53696D706C654772616E746564417574686F7269747900000000000001A40200014C0004726F6C657400124C6A6176612F6C616E672F537472696E673B7870740009524F4C455F555345527871007E000C707372003A6F72672E737072696E676672616D65776F726B2E73656375726974792E6F61757468322E70726F76696465722E4F41757468325265717565737400000000000000010200075A0008617070726F7665644C000B617574686F72697469657371007E00044C000A657874656E73696F6E7374000F4C6A6176612F7574696C2F4D61703B4C000B726564697265637455726971007E000E4C00077265667265736874003B4C6F72672F737072696E676672616D65776F726B2F73656375726974792F6F61757468322F70726F76696465722F546F6B656E526571756573743B4C000B7265736F7572636549647374000F4C6A6176612F7574696C2F5365743B4C000D726573706F6E7365547970657371007E0014787200386F72672E737072696E676672616D65776F726B2E73656375726974792E6F61757468322E70726F76696465722E426173655265717565737436287A3EA37169BD0200034C0008636C69656E74496471007E000E4C001172657175657374506172616D657465727371007E00124C000573636F706571007E0014787074000A656C6563747261617070737200256A6176612E7574696C2E436F6C6C656374696F6E7324556E6D6F6469666961626C654D6170F1A5A8FE74F507420200014C00016D71007E00127870737200116A6176612E7574696C2E486173684D61700507DAC1C31660D103000246000A6C6F6164466163746F724900097468726573686F6C6478703F400000000000037708000000040000000274000A6772616E745F7479706574000870617373776F7264740008757365726E616D6574000E2B39315F3935353534383833313078737200256A6176612E7574696C2E436F6C6C656374696F6E7324556E6D6F6469666961626C65536574801D92D18F9B80550200007871007E0009737200176A6176612E7574696C2E4C696E6B656448617368536574D86CD75A95DD2A1E020000787200116A6176612E7574696C2E48617368536574BA44859596B8B7340300007870770C000000103F400000000000037400057472757374740005207265616474000620777269746578017371007E0023770C000000103F400000000000017371007E000D74000455534552787371007E001A3F40000000000000770800000010000000007870707371007E0023770C000000103F4000000000000174000C73656E647852657374415049787371007E0023770C000000103F40000000000000787372004F6F72672E737072696E676672616D65776F726B2E73656375726974792E61757468656E7469636174696F6E2E557365726E616D6550617373776F726441757468656E7469636174696F6E546F6B656E00000000000001A40200024C000B63726564656E7469616C7371007E00054C00097072696E636970616C71007E00057871007E0003017371007E00077371007E000B0000000177040000000171007E000F7871007E0032737200176A6176612E7574696C2E4C696E6B6564486173684D617034C04E5C106CC0FB0200015A000B6163636573734F726465727871007E001A3F400000000000067708000000080000000271007E001C71007E001D71007E001E71007E001F78007073720035636F6D2E697265736C61622E656C65637472616170702E737072696E6773656375726974792E5573657243726564656E7469616C7300000000000000010200014C00046D50494E71007E000E787200326F72672E737072696E676672616D65776F726B2E73656375726974792E636F72652E7573657264657461696C732E5573657200000000000001A40200075A00116163636F756E744E6F6E457870697265645A00106163636F756E744E6F6E4C6F636B65645A001563726564656E7469616C734E6F6E457870697265645A0007656E61626C65644C000B617574686F72697469657371007E00144C000870617373776F726471007E000E4C0008757365726E616D6571007E000E7870010101017371007E0020737200116A6176612E7574696C2E54726565536574DD98509395ED875B0300007870737200466F72672E737072696E676672616D65776F726B2E73656375726974792E636F72652E7573657264657461696C732E5573657224417574686F72697479436F6D70617261746F7200000000000001A4020000787077040000000171007E000F787071007E001F74003C2432612431302443464778657335534748745A6B513048614B6567676579436A52363134722F693832742E6E7A5A7A746E6E66485367464243685A4B, _binary 0xACED00057372004C6F72672E737072696E676672616D65776F726B2E73656375726974792E6F61757468322E636F6D6D6F6E2E44656661756C744578706972696E674F417574683252656672657368546F6B656E2FDF47639DD0C9B70200014C000A65787069726174696F6E7400104C6A6176612F7574696C2F446174653B787200446F72672E737072696E676672616D65776F726B2E73656375726974792E6F61757468322E636F6D6D6F6E2E44656661756C744F417574683252656672657368546F6B656E73E10E0A6354D45E0200014C000576616C75657400124C6A6176612F6C616E672F537472696E673B787074002434353564636232382D656436652D343437322D623836302D3834393463616234373566667372000E6A6176612E7574696C2E44617465686A81014B5974190300007870770800000164B14F2F8778),
	('d5befa85a61acf909881e678eb46d77a', _binary 0xACED0005737200416F72672E737072696E676672616D65776F726B2E73656375726974792E6F61757468322E70726F76696465722E4F417574683241757468656E7469636174696F6EBD400B02166252130200024C000D73746F7265645265717565737474003C4C6F72672F737072696E676672616D65776F726B2F73656375726974792F6F61757468322F70726F76696465722F4F4175746832526571756573743B4C00127573657241757468656E7469636174696F6E7400324C6F72672F737072696E676672616D65776F726B2F73656375726974792F636F72652F41757468656E7469636174696F6E3B787200476F72672E737072696E676672616D65776F726B2E73656375726974792E61757468656E7469636174696F6E2E416273747261637441757468656E7469636174696F6E546F6B656ED3AA287E6E47640E0200035A000D61757468656E746963617465644C000B617574686F7269746965737400164C6A6176612F7574696C2F436F6C6C656374696F6E3B4C000764657461696C737400124C6A6176612F6C616E672F4F626A6563743B787000737200266A6176612E7574696C2E436F6C6C656374696F6E7324556E6D6F6469666961626C654C697374FC0F2531B5EC8E100200014C00046C6973747400104C6A6176612F7574696C2F4C6973743B7872002C6A6176612E7574696C2E436F6C6C656374696F6E7324556E6D6F6469666961626C65436F6C6C656374696F6E19420080CB5EF71E0200014C00016371007E00047870737200136A6176612E7574696C2E41727261794C6973747881D21D99C7619D03000149000473697A65787000000001770400000001737200426F72672E737072696E676672616D65776F726B2E73656375726974792E636F72652E617574686F726974792E53696D706C654772616E746564417574686F7269747900000000000001A40200014C0004726F6C657400124C6A6176612F6C616E672F537472696E673B7870740009524F4C455F555345527871007E000C707372003A6F72672E737072696E676672616D65776F726B2E73656375726974792E6F61757468322E70726F76696465722E4F41757468325265717565737400000000000000010200075A0008617070726F7665644C000B617574686F72697469657371007E00044C000A657874656E73696F6E7374000F4C6A6176612F7574696C2F4D61703B4C000B726564697265637455726971007E000E4C00077265667265736874003B4C6F72672F737072696E676672616D65776F726B2F73656375726974792F6F61757468322F70726F76696465722F546F6B656E526571756573743B4C000B7265736F7572636549647374000F4C6A6176612F7574696C2F5365743B4C000D726573706F6E7365547970657371007E0014787200386F72672E737072696E676672616D65776F726B2E73656375726974792E6F61757468322E70726F76696465722E426173655265717565737436287A3EA37169BD0200034C0008636C69656E74496471007E000E4C001172657175657374506172616D657465727371007E00124C000573636F706571007E0014787074000A656C6563747261617070737200256A6176612E7574696C2E436F6C6C656374696F6E7324556E6D6F6469666961626C654D6170F1A5A8FE74F507420200014C00016D71007E00127870737200116A6176612E7574696C2E486173684D61700507DAC1C31660D103000246000A6C6F6164466163746F724900097468726573686F6C6478703F400000000000037708000000040000000274000A6772616E745F7479706574000870617373776F7264740008757365726E616D6574000E2B39315F3930313532393338393478737200256A6176612E7574696C2E436F6C6C656374696F6E7324556E6D6F6469666961626C65536574801D92D18F9B80550200007871007E0009737200176A6176612E7574696C2E4C696E6B656448617368536574D86CD75A95DD2A1E020000787200116A6176612E7574696C2E48617368536574BA44859596B8B7340300007870770C000000103F400000000000037400057472757374740005207265616474000620777269746578017371007E0023770C000000103F400000000000017371007E000D74000455534552787371007E001A3F40000000000000770800000010000000007870707371007E0023770C000000103F4000000000000174000C73656E647852657374415049787371007E0023770C000000103F40000000000000787372004F6F72672E737072696E676672616D65776F726B2E73656375726974792E61757468656E7469636174696F6E2E557365726E616D6550617373776F726441757468656E7469636174696F6E546F6B656E00000000000001A40200024C000B63726564656E7469616C7371007E00054C00097072696E636970616C71007E00057871007E0003017371007E00077371007E000B0000000177040000000171007E000F7871007E0032737200176A6176612E7574696C2E4C696E6B6564486173684D617034C04E5C106CC0FB0200015A000B6163636573734F726465727871007E001A3F400000000000067708000000080000000271007E001C71007E001D71007E001E71007E001F78007073720035636F6D2E697265736C61622E656C65637472616170702E737072696E6773656375726974792E5573657243726564656E7469616C7300000000000000010200014C00046D50494E71007E000E787200326F72672E737072696E676672616D65776F726B2E73656375726974792E636F72652E7573657264657461696C732E5573657200000000000001A40200075A00116163636F756E744E6F6E457870697265645A00106163636F756E744E6F6E4C6F636B65645A001563726564656E7469616C734E6F6E457870697265645A0007656E61626C65644C000B617574686F72697469657371007E00144C000870617373776F726471007E000E4C0008757365726E616D6571007E000E7870010101017371007E0020737200116A6176612E7574696C2E54726565536574DD98509395ED875B0300007870737200466F72672E737072696E676672616D65776F726B2E73656375726974792E636F72652E7573657264657461696C732E5573657224417574686F72697479436F6D70617261746F7200000000000001A4020000787077040000000171007E000F787071007E001F74003C243261243130247932634356344567593665363565614D48763464344F535862742E5631355A6C6F44374177424F376F6D5358443947692F63447636, _binary 0xACED00057372004C6F72672E737072696E676672616D65776F726B2E73656375726974792E6F61757468322E636F6D6D6F6E2E44656661756C744578706972696E674F417574683252656672657368546F6B656E2FDF47639DD0C9B70200014C000A65787069726174696F6E7400104C6A6176612F7574696C2F446174653B787200446F72672E737072696E676672616D65776F726B2E73656375726974792E6F61757468322E636F6D6D6F6E2E44656661756C744F417574683252656672657368546F6B656E73E10E0A6354D45E0200014C000576616C75657400124C6A6176612F6C616E672F537472696E673B787074002432626662323630382D643732662D346431662D613235332D6363353130393663333936347372000E6A6176612E7574696C2E44617465686A81014B5974190300007870770800000164B193DCC378);
/*!40000 ALTER TABLE `oauth_refresh_token` ENABLE KEYS */;

-- Dumping structure for table electraapp_schema8.profile
CREATE TABLE IF NOT EXISTS `profile` (
  `profile_id` int(11) NOT NULL AUTO_INCREMENT,
  `contact_address` varchar(255) DEFAULT NULL,
  `created_date` datetime DEFAULT NULL,
  `dob` varchar(255) DEFAULT NULL,
  `email_address` varchar(255) DEFAULT NULL,
  `first_name` varchar(255) DEFAULT NULL,
  `kyc_id_back` varchar(255) DEFAULT NULL,
  `kyc_id_front` varchar(255) DEFAULT NULL,
  `kyc_id_title` varchar(255) DEFAULT NULL,
  `last_name` varchar(255) DEFAULT NULL,
  `middle_name` varchar(255) DEFAULT NULL,
  `mobile_number` bigint(22) DEFAULT NULL,
  `modified_date` datetime DEFAULT NULL,
  `secondary_contact_number` decimal(19,2) DEFAULT NULL,
  `account_id` int(11) DEFAULT NULL,
  `country_id` int(11) DEFAULT NULL,
  PRIMARY KEY (`profile_id`),
  KEY `FKlc4oipegt3vyph78q31itt3pf` (`account_id`),
  KEY `FKhqg8jmf9x3o7b32adphres2ug` (`country_id`),
  CONSTRAINT `FKhqg8jmf9x3o7b32adphres2ug` FOREIGN KEY (`country_id`) REFERENCES `country` (`country_id`),
  CONSTRAINT `FKlc4oipegt3vyph78q31itt3pf` FOREIGN KEY (`account_id`) REFERENCES `account` (`account_id`)
) ENGINE=InnoDB AUTO_INCREMENT=15 DEFAULT CHARSET=latin1;

-- Dumping data for table electraapp_schema8.profile: ~8 rows (approximately)
DELETE FROM `profile`;
/*!40000 ALTER TABLE `profile` DISABLE KEYS */;
INSERT INTO `profile` (`profile_id`, `contact_address`, `created_date`, `dob`, `email_address`, `first_name`, `kyc_id_back`, `kyc_id_front`, `kyc_id_title`, `last_name`, `middle_name`, `mobile_number`, `modified_date`, `secondary_contact_number`, `account_id`, `country_id`) VALUES
	(6, NULL, '2018-06-13 13:46:11', NULL, 'electraAppClient@yopmail.com', 'electraAppClient', NULL, NULL, NULL, 'electraAppClient', NULL, 9685312487, '2018-06-13 13:46:11', NULL, 6, 2),
	(8, NULL, '2018-06-13 16:08:58', NULL, 'electraAppClient@yopmail.com', 'electraAppClient', NULL, NULL, NULL, 'electraAppClient', NULL, 9685741235, '2018-06-13 16:08:58', NULL, 7, 2),
	(9, NULL, '2018-06-14 12:09:46', NULL, 'electraAppAgent1@yopmail.com', 'electraAppAgent1', NULL, NULL, NULL, 'electraAppAgent1', NULL, 9897095988, '2018-06-14 12:09:46', NULL, 8, 2),
	(10, 'India', '2018-06-14 16:41:01', '14/6/2000', 'mahto@yopmail.com', 'Santosh', NULL, NULL, NULL, 'Mahto', NULL, 9015293893, '2018-06-14 16:41:01', NULL, 9, 2),
	(11, NULL, '2018-06-19 11:47:32', '19/6/1993', 'SachinChauhan@yopmail.com', 'Sachin', NULL, NULL, NULL, 'Chauhan', NULL, 9555488370, '2018-06-19 11:47:32', NULL, 10, 2),
	(12, NULL, '2018-06-19 12:20:42', '19/6/1994', 'AbhishekSingh@yopmail.com', 'Abhishek', NULL, NULL, NULL, 'Singh', NULL, 9555488310, '2018-06-19 12:20:42', NULL, 11, 2),
	(13, NULL, '2018-06-19 13:36:47', '6/6/2000', '9015293894@yopmail.com', 'Abc', NULL, NULL, NULL, 'Def', NULL, 9015293894, '2018-06-19 13:36:47', NULL, 12, 2),
	(14, NULL, '2018-06-19 13:51:22', '7/6/2000', 'c1@yopmail.com', 'C1', NULL, NULL, NULL, 'C1', NULL, 9015293895, '2018-06-19 13:51:22', NULL, 13, 2);
/*!40000 ALTER TABLE `profile` ENABLE KEYS */;

-- Dumping structure for table electraapp_schema8.scheduled_transactions
CREATE TABLE IF NOT EXISTS `scheduled_transactions` (
  `scheduled_transaction_id` int(11) NOT NULL AUTO_INCREMENT,
  `additional_institution_info` varchar(255) DEFAULT NULL,
  `beneficiary_mobile_number` decimal(19,2) DEFAULT NULL,
  `created_date` datetime DEFAULT NULL,
  `institution_account_number` varchar(255) DEFAULT NULL,
  `institution_name` varchar(255) DEFAULT NULL,
  `is_cash_out` bit(1) DEFAULT NULL,
  `modified_date` datetime DEFAULT NULL,
  `no_of_tokens` varchar(255) DEFAULT NULL,
  `beneficiary_country_id` int(11) DEFAULT NULL,
  `sender_account_id` int(11) DEFAULT NULL,
  PRIMARY KEY (`scheduled_transaction_id`),
  KEY `FKe0huqfpnymlwr1nlpgu1ijgn3` (`beneficiary_country_id`),
  KEY `FKbn43kgjf1ke4opnjjtrsytdqr` (`sender_account_id`),
  CONSTRAINT `FKbn43kgjf1ke4opnjjtrsytdqr` FOREIGN KEY (`sender_account_id`) REFERENCES `account` (`account_id`),
  CONSTRAINT `FKe0huqfpnymlwr1nlpgu1ijgn3` FOREIGN KEY (`beneficiary_country_id`) REFERENCES `country` (`country_id`)
) ENGINE=InnoDB DEFAULT CHARSET=latin1;

-- Dumping data for table electraapp_schema8.scheduled_transactions: ~0 rows (approximately)
DELETE FROM `scheduled_transactions`;
/*!40000 ALTER TABLE `scheduled_transactions` DISABLE KEYS */;
/*!40000 ALTER TABLE `scheduled_transactions` ENABLE KEYS */;

-- Dumping structure for table electraapp_schema8.stellar_account
CREATE TABLE IF NOT EXISTS `stellar_account` (
  `stellar_account_id` int(11) NOT NULL AUTO_INCREMENT,
  `created_date` datetime DEFAULT NULL,
  `federated_address` varchar(255) DEFAULT NULL,
  `modified_date` datetime DEFAULT NULL,
  `public_key` varchar(255) DEFAULT NULL,
  `secret_key` varchar(255) DEFAULT NULL,
  `account_id` int(11) DEFAULT NULL,
  PRIMARY KEY (`stellar_account_id`),
  KEY `FK5hj0yw91t7lv4ynyvsq8jmr92` (`account_id`),
  CONSTRAINT `FK5hj0yw91t7lv4ynyvsq8jmr92` FOREIGN KEY (`account_id`) REFERENCES `account` (`account_id`)
) ENGINE=InnoDB DEFAULT CHARSET=latin1;

-- Dumping data for table electraapp_schema8.stellar_account: ~0 rows (approximately)
DELETE FROM `stellar_account`;
/*!40000 ALTER TABLE `stellar_account` DISABLE KEYS */;
/*!40000 ALTER TABLE `stellar_account` ENABLE KEYS */;

-- Dumping structure for table electraapp_schema8.topup_transactions
CREATE TABLE IF NOT EXISTS `topup_transactions` (
  `topup_transaction_id` int(11) NOT NULL AUTO_INCREMENT,
  `additional_payment_info` varchar(255) DEFAULT NULL,
  `beneficiary_country_dial_code` varchar(255) DEFAULT NULL,
  `beneficiary_mobile_number` decimal(19,2) DEFAULT NULL,
  `modified_date` datetime DEFAULT NULL,
  `no_of_tokens` varchar(255) DEFAULT NULL,
  `payment_platform` varchar(255) DEFAULT NULL,
  `payment_reference_number` varchar(255) DEFAULT NULL,
  `payment_type` varchar(255) DEFAULT NULL,
  `transaction_date` datetime DEFAULT NULL,
  `transaction_message` varchar(255) DEFAULT NULL,
  PRIMARY KEY (`topup_transaction_id`)
) ENGINE=InnoDB DEFAULT CHARSET=latin1;

-- Dumping data for table electraapp_schema8.topup_transactions: ~0 rows (approximately)
DELETE FROM `topup_transactions`;
/*!40000 ALTER TABLE `topup_transactions` DISABLE KEYS */;
/*!40000 ALTER TABLE `topup_transactions` ENABLE KEYS */;

-- Dumping structure for table electraapp_schema8.transaction_details
CREATE TABLE IF NOT EXISTS `transaction_details` (
  `transaction_detail_id` int(11) NOT NULL AUTO_INCREMENT,
  `modified_date` datetime DEFAULT NULL,
  `no_of_tokens` varchar(255) DEFAULT NULL,
  `receiver_currency_value` varchar(255) DEFAULT NULL,
  `sender_currency_value` varchar(255) DEFAULT NULL,
  `transaction_date` datetime DEFAULT NULL,
  `transaction_message` varchar(255) DEFAULT NULL,
  `transaction_status` smallint(6) DEFAULT NULL,
  `transaction_status_message` varchar(255) DEFAULT NULL,
  `transaction_xdr` varchar(255) DEFAULT NULL,
  `receiver_account_id` int(11) DEFAULT NULL,
  `sender_account_id` int(11) DEFAULT NULL,
  PRIMARY KEY (`transaction_detail_id`),
  KEY `FKmj5xrgxqw551jo0rxse6sough` (`receiver_account_id`),
  KEY `FKlsnkflepowxm2x5gvdsoxpmwt` (`sender_account_id`),
  CONSTRAINT `FKlsnkflepowxm2x5gvdsoxpmwt` FOREIGN KEY (`sender_account_id`) REFERENCES `account` (`account_id`),
  CONSTRAINT `FKmj5xrgxqw551jo0rxse6sough` FOREIGN KEY (`receiver_account_id`) REFERENCES `account` (`account_id`)
) ENGINE=InnoDB DEFAULT CHARSET=latin1;

-- Dumping data for table electraapp_schema8.transaction_details: ~2 rows (approximately)
DELETE FROM `transaction_details`;
/*!40000 ALTER TABLE `transaction_details` DISABLE KEYS */;
/*!40000 ALTER TABLE `transaction_details` ENABLE KEYS */;

/*!40101 SET SQL_MODE=IFNULL(@OLD_SQL_MODE, '') */;
/*!40014 SET FOREIGN_KEY_CHECKS=IF(@OLD_FOREIGN_KEY_CHECKS IS NULL, 1, @OLD_FOREIGN_KEY_CHECKS) */;
/*!40101 SET CHARACTER_SET_CLIENT=@OLD_CHARACTER_SET_CLIENT */;
